Observation.id,Subject,Behavior,Behavior_type,Start_sec,Stop_sec,Duration_sec
2017-05-18_SROY_5B_r4_PN1_A,SGBU,head in,POINT,906.506,906.506,NA
2017-05-18_SROY_5B_r4_PN1_A,SGBU,head in,POINT,2615.714,2615.714,NA
2017-05-18_SROY_5B_r4_PN1_A,SGBU,head out,POINT,912.313,912.313,NA
2017-05-18_SROY_5B_r4_PN1_A,SGBU,head out,POINT,916.617,916.617,NA
2017-05-18_SROY_5B_r4_PN1_A,SGBU,head out,POINT,918.419,918.419,NA
2017-05-18_SROY_5B_r4_PN1_A,SGBU,head out,POINT,925.326,925.326,NA
2017-05-18_SROY_5B_r4_PN1_A,SGBU,head out,POINT,1358.058,1358.058,NA
2017-05-18_SROY_5B_r4_PN1_A,SGBU,head out,POINT,1365.566,1365.566,NA
2017-05-18_SROY_5B_r4_PN1_A,SGBU,head out,POINT,2976.675,2976.675,NA
2017-05-18_SROY_5B_r4_PN1_A,SGBU,head out,POINT,2984.082,2984.082,NA
2017-05-18_SROY_5B_r4_PN1_A,SGBU,head out,POINT,3010.409,3010.409,NA
2017-05-18_SROY_5B_r4_PN1_A,SGBU,head out,POINT,3026.024,3026.024,NA
2017-05-18_SROY_5B_r4_PN1_A,SGBU,head out,POINT,3041.139,3041.139,NA
2017-05-18_SROY_5B_r4_PN1_A,SGBU,stat,STATE,901.402,907.207,5.805
2017-05-18_SROY_5B_r4_PN1_A,SGBU,stat,STATE,1374.775,1377.878,3.103
2017-05-18_SROY_5B_r4_PN1_A,SGBU,stat,STATE,2602.901,2616.313,13.412
2017-05-18_SROY_5B_r4_PN1_A,SGBU,stat,STATE,3057.056,3087.886,30.83
2017-05-18_SROY_5B_r4_PN1_A,SGBU,in cavity,STATE,907.208,1374.774,467.566
2017-05-18_SROY_5B_r4_PN1_A,SGBU,in cavity,STATE,2616.314,3057.055,440.741
2017-05-18_SROY_5B_r4_PN1_A,SROY,head out,POINT,386.787,386.787,NA
2017-05-18_SROY_5B_r4_PN1_A,SROY,head out,POINT,2338.938,2338.938,NA
2017-05-18_SROY_5B_r4_PN1_A,SROY,head out,POINT,2351.451,2351.451,NA
2017-05-18_SROY_5B_r4_PN1_A,SROY,stat,STATE,388.09,403.304,15.214
2017-05-18_SROY_5B_r4_PN1_A,SROY,stat,STATE,1669.668,1671.77,2.102
2017-05-18_SROY_5B_r4_PN1_A,SROY,stat,STATE,2352.954,2519.618,166.664
2017-05-18_SROY_5B_r4_PN1_A,SROY,stat,STATE,3342.04,3342.94,0.9
2017-05-18_SROY_5B_r4_PN1_A,SROY,stat,STATE,3504.101,3548.546,44.445
2017-05-18_SROY_5B_r4_PN1_A,SROY,stat,STATE,3592.49,3595.091,2.601
2017-05-18_SROY_5B_r4_PN1_A,SROY,preening,STATE,2397.396,2400.399,3.003
2017-05-18_SROY_5B_r4_PN1_A,SROY,preening,STATE,2405.604,2406.805,1.201
2017-05-18_SROY_5B_r4_PN1_A,SROY,preening,STATE,2408.907,2412.711,3.804
2017-05-18_SROY_5B_r4_PN1_A,SROY,preening,STATE,2416.615,2420.419,3.804
2017-05-18_SROY_5B_r4_PN1_A,SROY,preening,STATE,2423.722,2426.325,2.603
2017-05-18_SROY_5B_r4_PN1_A,SROY,preening,STATE,2432.231,2438.837,6.606
2017-05-18_SROY_5B_r4_PN1_A,SROY,preening,STATE,2440.139,2456.455,16.316
2017-05-18_SROY_5B_r4_PN1_A,SROY,preening,STATE,2458.557,2460.058,1.501
2017-05-18_SROY_5B_r4_PN1_A,SROY,preening,STATE,2465.164,2471.069,5.905
2017-05-18_SROY_5B_r4_PN1_A,SROY,preening,STATE,2472.671,2479.778,7.107
2017-05-18_SROY_5B_r4_PN1_A,SROY,preening,STATE,2485.684,2493.892,8.208
2017-05-18_SROY_5B_r4_PN1_A,SROY,preening,STATE,2494.893,2501.6,6.707
2017-05-18_SROY_5B_r4_PN1_A,SROY,preening,STATE,2503.402,2510.309,6.907
2017-05-18_SROY_5B_r4_PN1_A,SROY,preening,STATE,2511.31,2513.612,2.302
2017-05-18_SROY_5B_r4_PN1_A,SROY,preening,STATE,2514.913,2515.614,0.701
2017-05-18_SROY_5B_r4_PN1_A,SROY,cleaning nest,POINT,386.787,386.787,NA
2017-05-18_SROY_5B_r4_PN1_A,SROY,in cavity,STATE,0,388.089,388.089
2017-05-18_SROY_5B_r4_PN1_A,SROY,in cavity,STATE,1671.771,2352.953,681.182
2017-05-18_SROY_5B_r4_PN1_A,SROY,in cavity,STATE,3342.941,3503.701,160.76
2017-05-18_SROY_5B_r4_PN1_A,SROY,in cavity,STATE,3595.092,3870.767,275.675
2017-05-18_SROY_5B_r4_PN1_B,SGBU,head out,POINT,1832.932,1832.932,NA
2017-05-18_SROY_5B_r4_PN1_B,SGBU,head out,POINT,1941.942,1941.942,NA
2017-05-18_SROY_5B_r4_PN1_B,SGBU,head out,POINT,1960.06,1960.06,NA
2017-05-18_SROY_5B_r4_PN1_B,SGBU,head out,POINT,1975.074,1975.074,NA
2017-05-18_SROY_5B_r4_PN1_B,SGBU,head out,POINT,1983.583,1983.583,NA
2017-05-18_SROY_5B_r4_PN1_B,SGBU,head out,POINT,2402.001,2402.001,NA
2017-05-18_SROY_5B_r4_PN1_B,SGBU,head out,POINT,2508.608,2508.608,NA
2017-05-18_SROY_5B_r4_PN1_B,SGBU,head out,POINT,2533.633,2533.633,NA
2017-05-18_SROY_5B_r4_PN1_B,SGBU,head out,POINT,3183.083,3183.083,NA
2017-05-18_SROY_5B_r4_PN1_B,SGBU,head out,POINT,3242.84,3242.84,NA
2017-05-18_SROY_5B_r4_PN1_B,SGBU,stat,STATE,1452.552,1454.052,1.5
2017-05-18_SROY_5B_r4_PN1_B,SGBU,stat,STATE,3243.342,3264.862,21.52
2017-05-18_SROY_5B_r4_PN1_B,SGBU,stretch,POINT,3244.642,3244.642,NA
2017-05-18_SROY_5B_r4_PN1_B,SGBU,in cavity,STATE,1454.053,3243.341,1789.288
2017-05-18_SROY_5B_r4_PN1_B,SROY,head in,POINT,3564.562,3564.562,NA
2017-05-18_SROY_5B_r4_PN1_B,SROY,stat,STATE,245.847,464.765,218.918
2017-05-18_SROY_5B_r4_PN1_B,SROY,stat,STATE,835.236,839.338,4.102
2017-05-18_SROY_5B_r4_PN1_B,SROY,stat,STATE,1281.481,1442.642,161.161
2017-05-18_SROY_5B_r4_PN1_B,SROY,stat,STATE,3562.56,3566.163,3.603
2017-05-18_SROY_5B_r4_PN1_B,SROY,preening,STATE,256.257,258.359,2.102
2017-05-18_SROY_5B_r4_PN1_B,SROY,preening,STATE,259.861,262.663,2.802
2017-05-18_SROY_5B_r4_PN1_B,SROY,preening,STATE,264.265,266.267,2.002
2017-05-18_SROY_5B_r4_PN1_B,SROY,preening,STATE,268.069,269.37,1.301
2017-05-18_SROY_5B_r4_PN1_B,SROY,preening,STATE,281.082,283.484,2.402
2017-05-18_SROY_5B_r4_PN1_B,SROY,preening,STATE,285.987,287.488,1.501
2017-05-18_SROY_5B_r4_PN1_B,SROY,preening,STATE,288.289,289.59,1.301
2017-05-18_SROY_5B_r4_PN1_B,SROY,preening,STATE,1289.189,1289.99,0.801
2017-05-18_SROY_5B_r4_PN1_B,SROY,preening,STATE,1291.191,1291.992,0.801
2017-05-18_SROY_5B_r4_PN1_B,SROY,preening,STATE,1294.594,1296.897,2.303
2017-05-18_SROY_5B_r4_PN1_B,SROY,preening,STATE,1298.899,1299.9,1.001
2017-05-18_SROY_5B_r4_PN1_B,SROY,preening,STATE,1306.806,1308.608,1.802
2017-05-18_SROY_5B_r4_PN1_B,SROY,preening,STATE,1316.616,1317.117,0.501
2017-05-18_SROY_5B_r4_PN1_B,SROY,preening,STATE,1319.119,1319.619,0.5
2017-05-18_SROY_5B_r4_PN1_B,SROY,preening,STATE,1321.922,1322.722,0.8
2017-05-18_SROY_5B_r4_PN1_B,SROY,preening,STATE,1326.026,1327.127,1.101
2017-05-18_SROY_5B_r4_PN1_B,SROY,preening,STATE,1328.328,1329.129,0.801
2017-05-18_SROY_5B_r4_PN1_B,SROY,preening,STATE,1343.743,1345.545,1.802
2017-05-18_SROY_5B_r4_PN1_B,SROY,stretch,POINT,249.05,249.05,NA
2017-05-18_SROY_5B_r4_PN1_B,SROY,stretch,POINT,250.651,250.651,NA
2017-05-18_SROY_5B_r4_PN1_B,SROY,stretch,POINT,333.135,333.135,NA
2017-05-18_SROY_5B_r4_PN1_B,SROY,drumming,POINT,1427.126,1427.126,NA
2017-05-18_SROY_5B_r4_PN1_B,SROY,drumming,POINT,1429.428,1429.428,NA
2017-05-18_SROY_5B_r4_PN1_B,SROY,drumming,POINT,1430.73,1430.73,NA
2017-05-18_SROY_5B_r4_PN1_B,SROY,in cavity,STATE,0,245.846,245.846
2017-05-18_SROY_5B_r4_PN1_B,SROY,in cavity,STATE,839.339,1280.48,441.141
2017-05-18_SROY_5B_r4_PN1_B,SROY,in cavity,STATE,3566.564,3839.235,272.671
2017-05-18_SROY_5B_r4_PN1_C,SROY,head out,POINT,68.571,68.571,NA
2017-05-18_SROY_5B_r4_PN1_C,SROY,stat,STATE,69.671,173.574,103.903
2017-05-18_SROY_5B_r4_PN1_C,SROY,preening,STATE,80.181,83.985,3.804
2017-05-18_SROY_5B_r4_PN1_C,SROY,preening,STATE,85.386,87.888,2.502
2017-05-18_SROY_5B_r4_PN1_C,SROY,preening,STATE,88.989,91.492,2.503
2017-05-18_SROY_5B_r4_PN1_C,SROY,preening,STATE,92.793,95.896,3.103
2017-05-18_SROY_5B_r4_PN1_C,SROY,preening,STATE,96.897,97.699,0.802
2017-05-18_SROY_5B_r4_PN1_C,SROY,preening,STATE,99.5,106.407,6.907
2017-05-18_SROY_5B_r4_PN1_C,SROY,preening,STATE,111.011,114.014,3.003
2017-05-18_SROY_5B_r4_PN1_C,SROY,preening,STATE,115.816,117.418,1.602
2017-05-18_SROY_5B_r4_PN1_C,SROY,preening,STATE,118.419,120.221,1.802
2017-05-18_SROY_5B_r4_PN1_C,SROY,in cavity,STATE,0,69.67,69.67
2017-06-13_REC_r4_PN17REC1_A,No focal subject,start obs,POINT,112.215,112.215,NA
2017-06-13_REC_r4_PN17REC1_A,RYSG,head out,POINT,2283.684,2283.684,NA
2017-06-13_REC_r4_PN17REC1_A,RYSG,head out,POINT,2361.861,2361.861,NA
2017-06-13_REC_r4_PN17REC1_A,RYSG,stat,STATE,0,7.309,7.309
2017-06-13_REC_r4_PN17REC1_A,RYSG,stat,STATE,587.989,595.795,7.806
2017-06-13_REC_r4_PN17REC1_A,RYSG,in cavity,STATE,595.796,2368.167,1772.371
2017-06-13_REC_r4_PN17REC1_A,SUOB,head in,POINT,2411.01,2411.01,NA
2017-06-13_REC_r4_PN17REC1_A,SUOB,head out,POINT,3059.157,3059.157,NA
2017-06-13_REC_r4_PN17REC1_A,SUOB,stat,STATE,2389.488,2411.509,22.021
2017-06-13_REC_r4_PN17REC1_A,SUOB,stat,STATE,3121.82,3124.421,2.601
2017-06-13_REC_r4_PN17REC1_A,SUOB,in cavity,STATE,2411.51,3121.819,710.309
2017-06-13_REC_r4_PN17REC1_A,SUOB,in cavity,STATE,3124.422,3866.563,742.141
2017-06-13_REC_r4_PN17REC1_B,RYSG,head in,POINT,3640.607,3640.607,NA
2017-06-13_REC_r4_PN17REC1_B,RYSG,head in,POINT,3837.103,3837.103,NA
2017-06-13_REC_r4_PN17REC1_B,RYSG,head out,POINT,2068.538,2068.538,NA
2017-06-13_REC_r4_PN17REC1_B,RYSG,stat,STATE,1604.072,1615.883,11.811
2017-06-13_REC_r4_PN17REC1_B,RYSG,stat,STATE,2070.54,2092.361,21.821
2017-06-13_REC_r4_PN17REC1_B,RYSG,stat,STATE,3639.906,3655.422,15.516
2017-06-13_REC_r4_PN17REC1_B,RYSG,stat,STATE,3834.301,3838.404,4.103
2017-06-13_REC_r4_PN17REC1_B,RYSG,in cavity,STATE,1615.884,2070.539,454.655
2017-06-13_REC_r4_PN17REC1_B,RYSG,in cavity,STATE,3838.405,3867.633,29.228
2017-06-13_REC_r4_PN17REC1_B,SUOB,head in,POINT,2282.35,2282.35,NA
2017-06-13_REC_r4_PN17REC1_B,SUOB,head out,POINT,208.679,208.679,NA
2017-06-13_REC_r4_PN17REC1_B,SUOB,head out,POINT,1477.447,1477.447,NA
2017-06-13_REC_r4_PN17REC1_B,SUOB,stat,STATE,252.524,254.924,2.4
2017-06-13_REC_r4_PN17REC1_B,SUOB,stat,STATE,1539.509,1559.728,20.219
2017-06-13_REC_r4_PN17REC1_B,SUOB,stat,STATE,2271.84,2285.553,13.713
2017-06-13_REC_r4_PN17REC1_B,SUOB,preening,STATE,1542.411,1544.112,1.701
2017-06-13_REC_r4_PN17REC1_B,SUOB,preening,STATE,1549.218,1551.32,2.102
2017-06-13_REC_r4_PN17REC1_B,SUOB,preening,STATE,1555.924,1556.625,0.701
2017-06-13_REC_r4_PN17REC1_B,SUOB,in cavity,STATE,0,252.523,252.523
2017-06-13_REC_r4_PN17REC1_B,SUOB,in cavity,STATE,254.925,1539.508,1284.583
2017-06-13_REC_r4_PN17REC1_B,SUOB,in cavity,STATE,2285.554,3643.71,1358.156
2017-06-13_REC_r4_PN17REC1_C,RYSG,head in,POINT,1271.772,1271.772,NA
2017-06-13_REC_r4_PN17REC1_C,RYSG,head in,POINT,3029.628,3029.628,NA
2017-06-13_REC_r4_PN17REC1_C,RYSG,head out,POINT,855.956,855.956,NA
2017-06-13_REC_r4_PN17REC1_C,RYSG,head out,POINT,1635.736,1635.736,NA
2017-06-13_REC_r4_PN17REC1_C,RYSG,head out,POINT,1643.242,1643.242,NA
2017-06-13_REC_r4_PN17REC1_C,RYSG,head out,POINT,2010.109,2010.109,NA
2017-06-13_REC_r4_PN17REC1_C,RYSG,head out,POINT,3526.525,3526.525,NA
2017-06-13_REC_r4_PN17REC1_C,RYSG,head out,POINT,3535.032,3535.032,NA
2017-06-13_REC_r4_PN17REC1_C,RYSG,stat,STATE,1021.521,1040.641,19.12
2017-06-13_REC_r4_PN17REC1_C,RYSG,stat,STATE,1270.27,1276.174,5.904
2017-06-13_REC_r4_PN17REC1_C,RYSG,stat,STATE,1652.052,1703.603,51.551
2017-06-13_REC_r4_PN17REC1_C,RYSG,stat,STATE,1746.946,1815.814,68.868
2017-06-13_REC_r4_PN17REC1_C,RYSG,stat,STATE,2047.547,2066.965,19.418
2017-06-13_REC_r4_PN17REC1_C,RYSG,stat,STATE,3019.918,3030.127,10.209
2017-06-13_REC_r4_PN17REC1_C,RYSG,preening,STATE,1025.025,1030.33,5.305
2017-06-13_REC_r4_PN17REC1_C,RYSG,preening,STATE,1033.733,1035.335,1.602
2017-06-13_REC_r4_PN17REC1_C,RYSG,preening,STATE,1037.137,1037.837,0.7
2017-06-13_REC_r4_PN17REC1_C,RYSG,preening,STATE,1660.66,1663.062,2.402
2017-06-13_REC_r4_PN17REC1_C,RYSG,preening,STATE,1665.064,1666.866,1.802
2017-06-13_REC_r4_PN17REC1_C,RYSG,preening,STATE,1667.667,1668.868,1.201
2017-06-13_REC_r4_PN17REC1_C,RYSG,preening,STATE,1671.171,1673.773,2.602
2017-06-13_REC_r4_PN17REC1_C,RYSG,preening,STATE,1676.876,1679.679,2.803
2017-06-13_REC_r4_PN17REC1_C,RYSG,preening,STATE,1681.981,1682.982,1.001
2017-06-13_REC_r4_PN17REC1_C,RYSG,stretch,POINT,1021.521,1021.521,NA
2017-06-13_REC_r4_PN17REC1_C,RYSG,in cavity,STATE,0,855.955,855.955
2017-06-13_REC_r4_PN17REC1_C,RYSG,in cavity,STATE,1019.92,1021.52,1.6
2017-06-13_REC_r4_PN17REC1_C,RYSG,in cavity,STATE,1276.175,1652.051,375.876
2017-06-13_REC_r4_PN17REC1_C,RYSG,in cavity,STATE,1815.815,2047.546,231.731
2017-06-13_REC_r4_PN17REC1_C,RYSG,in cavity,STATE,3030.128,3543.241,513.113
2017-06-13_REC_r4_PN17REC1_C,SUOB,head out,POINT,2505.605,2505.605,NA
2017-06-13_REC_r4_PN17REC1_C,SUOB,stat,STATE,2109.208,2113.512,4.304
2017-06-13_REC_r4_PN17REC1_C,SUOB,stat,STATE,2556.255,2806.505,250.25
2017-06-13_REC_r4_PN17REC1_C,SUOB,preening,STATE,2113.513,2114.814,1.301
2017-06-13_REC_r4_PN17REC1_C,SUOB,preening,STATE,2559.658,2561.76,2.102
2017-06-13_REC_r4_PN17REC1_C,SUOB,preening,STATE,2564.763,2568.366,3.603
2017-06-13_REC_r4_PN17REC1_C,SUOB,preening,STATE,2568.867,2572.17,3.303
2017-06-13_REC_r4_PN17REC1_C,SUOB,preening,STATE,2574.773,2576.575,1.802
2017-06-13_REC_r4_PN17REC1_C,SUOB,preening,STATE,2577.275,2582.181,4.906
2017-06-13_REC_r4_PN17REC1_C,SUOB,preening,STATE,2583.982,2588.587,4.605
2017-06-13_REC_r4_PN17REC1_C,SUOB,preening,STATE,2590.088,2591.69,1.602
2017-06-13_REC_r4_PN17REC1_C,SUOB,preening,STATE,2592.891,2594.492,1.601
2017-06-13_REC_r4_PN17REC1_C,SUOB,preening,STATE,2595.293,2596.995,1.702
2017-06-13_REC_r4_PN17REC1_C,SUOB,preening,STATE,2600.799,2605.303,4.504
2017-06-13_REC_r4_PN17REC1_C,SUOB,preening,STATE,2609.007,2610.508,1.501
2017-06-13_REC_r4_PN17REC1_C,SUOB,preening,STATE,2613.011,2614.012,1.001
2017-06-13_REC_r4_PN17REC1_C,SUOB,preening,STATE,2614.814,2616.614,1.8
2017-06-13_REC_r4_PN17REC1_C,SUOB,preening,STATE,2618.616,2619.718,1.102
2017-06-13_REC_r4_PN17REC1_C,SUOB,preening,STATE,2621.519,2624.522,3.003
2017-06-13_REC_r4_PN17REC1_C,SUOB,preening,STATE,2626.324,2628.626,2.302
2017-06-13_REC_r4_PN17REC1_C,SUOB,preening,STATE,2629.427,2630.229,0.802
2017-06-13_REC_r4_PN17REC1_C,SUOB,preening,STATE,2631.23,2633.531,2.301
2017-06-13_REC_r4_PN17REC1_C,SUOB,preening,STATE,2635.333,2636.334,1.001
2017-06-13_REC_r4_PN17REC1_C,SUOB,preening,STATE,2638.636,2641.439,2.803
2017-06-13_REC_r4_PN17REC1_C,SUOB,preening,STATE,2643.541,2647.045,3.504
2017-06-13_REC_r4_PN17REC1_C,SUOB,preening,STATE,2648.346,2650.148,1.802
2017-06-13_REC_r4_PN17REC1_C,SUOB,preening,STATE,2650.648,2651.649,1.001
2017-06-13_REC_r4_PN17REC1_C,SUOB,preening,STATE,2652.45,2654.452,2.002
2017-06-13_REC_r4_PN17REC1_C,SUOB,preening,STATE,2657.856,2662.16,4.304
2017-06-13_REC_r4_PN17REC1_C,SUOB,preening,STATE,2667.766,2672.07,4.304
2017-06-13_REC_r4_PN17REC1_C,SUOB,preening,STATE,2674.873,2679.478,4.605
2017-06-13_REC_r4_PN17REC1_C,SUOB,preening,STATE,2680.279,2682.881,2.602
2017-06-13_REC_r4_PN17REC1_C,SUOB,preening,STATE,2683.382,2684.383,1.001
2017-06-13_REC_r4_PN17REC1_C,SUOB,preening,STATE,2685.184,2687.686,2.502
2017-06-13_REC_r4_PN17REC1_C,SUOB,preening,STATE,2689.287,2690.789,1.502
2017-06-13_REC_r4_PN17REC1_C,SUOB,preening,STATE,2692.09,2693.392,1.302
2017-06-13_REC_r4_PN17REC1_C,SUOB,preening,STATE,2694.393,2700.499,6.106
2017-06-13_REC_r4_PN17REC1_C,SUOB,preening,STATE,2702.3,2706.705,4.405
2017-06-13_REC_r4_PN17REC1_C,SUOB,preening,STATE,2716.915,2719.218,2.303
2017-06-13_REC_r4_PN17REC1_C,SUOB,preening,STATE,2725.824,2729.428,3.604
2017-06-13_REC_r4_PN17REC1_C,SUOB,preening,STATE,2734.833,2738.937,4.104
2017-06-13_REC_r4_PN17REC1_C,SUOB,preening,STATE,2739.638,2740.239,0.601
2017-06-13_REC_r4_PN17REC1_C,SUOB,preening,STATE,2742.541,2743.242,0.701
2017-06-13_REC_r4_PN17REC1_C,SUOB,preening,STATE,2746.845,2748.447,1.602
2017-06-13_REC_r4_PN17REC1_C,SUOB,preening,STATE,2749.147,2752.751,3.604
2017-06-13_REC_r4_PN17REC1_C,SUOB,preening,STATE,2754.553,2756.855,2.302
2017-06-13_REC_r4_PN17REC1_C,SUOB,preening,STATE,2757.556,2758.357,0.801
2017-06-13_REC_r4_PN17REC1_C,SUOB,preening,STATE,2759.157,2762.761,3.604
2017-06-13_REC_r4_PN17REC1_C,SUOB,preening,STATE,2767.566,2769.868,2.302
2017-06-13_REC_r4_PN17REC1_C,SUOB,preening,STATE,2770.669,2772.17,1.501
2017-06-13_REC_r4_PN17REC1_C,SUOB,preening,STATE,2776.775,2783.682,6.907
2017-06-13_REC_r4_PN17REC1_C,SUOB,preening,STATE,2790.589,2792.391,1.802
2017-06-13_REC_r4_PN17REC1_C,SUOB,preening,STATE,2793.492,2795.193,1.701
2017-06-13_REC_r4_PN17REC1_C,SUOB,in cavity,STATE,2124.525,2556.254,431.729
2017-06-13_REC_r4_PN17REC1_D,RYSG,stat,STATE,61.662,94.794,33.132
2017-06-13_REC_r4_PN17REC1_D,RYSG,cleaning nest,POINT,459.96,459.96,NA
2017-06-13_REC_r4_PN17REC1_D,RYSG,in cavity,STATE,94.795,460.26,365.465
2017-06-13_REC_r4_PN17REC1_D,SUOB,head in,POINT,45.747,45.747,NA
2017-06-13_REC_r4_PN17REC1_D,SUOB,head in,POINT,752.252,752.252,NA
2017-06-13_REC_r4_PN17REC1_D,SUOB,stat,STATE,43.745,61.962,18.217
2017-06-13_REC_r4_PN17REC1_D,SUOB,stat,STATE,746.947,762.762,15.815
2017-06-13_REC_r4_PN17REC1_D,SUOB,drumming,POINT,60.361,60.361,NA
2017-06-13_REC_r4_PN17REC1_D,SUOB,in cavity,STATE,762.763,809.109,46.346
2017-06-14_5B_r4_NB5B4_A,SUUU,head in,POINT,729.633,729.633,NA
2017-06-14_5B_r4_NB5B4_A,SUUU,head in,POINT,735.236,735.236,NA
2017-06-14_5B_r4_NB5B4_A,SUUU,head in,POINT,742.143,742.143,NA
2017-06-14_5B_r4_NB5B4_A,SUUU,head in,POINT,753.156,753.156,NA
2017-06-14_5B_r4_NB5B4_A,SUUU,head in,POINT,762.867,762.867,NA
2017-06-14_5B_r4_NB5B4_A,SUUU,head in,POINT,1009.701,1009.701,NA
2017-06-14_5B_r4_NB5B4_A,SUUU,head in,POINT,1530.106,1530.106,NA
2017-06-14_5B_r4_NB5B4_A,SUUU,head in,POINT,1533.836,1533.836,NA
2017-06-14_5B_r4_NB5B4_A,SUUU,head in,POINT,1570.27,1570.27,NA
2017-06-14_5B_r4_NB5B4_A,SUUU,head in,POINT,1631.13,1631.13,NA
2017-06-14_5B_r4_NB5B4_A,SUUU,head in,POINT,1685.986,1685.986,NA
2017-06-14_5B_r4_NB5B4_A,SUUU,head in,POINT,1890.576,1890.576,NA
2017-06-14_5B_r4_NB5B4_A,SUUU,head in,POINT,1927.825,1927.825,NA
2017-06-14_5B_r4_NB5B4_A,SUUU,head in,POINT,1966.165,1966.165,NA
2017-06-14_5B_r4_NB5B4_A,SUUU,head in,POINT,3380.544,3380.544,NA
2017-06-14_5B_r4_NB5B4_A,SUUU,head in,POINT,3383.182,3383.182,NA
2017-06-14_5B_r4_NB5B4_A,SUUU,head in,POINT,3389.289,3389.289,NA
2017-06-14_5B_r4_NB5B4_A,SUUU,head in,POINT,3394.892,3394.892,NA
2017-06-14_5B_r4_NB5B4_A,SUUU,head in,POINT,3474.276,3474.276,NA
2017-06-14_5B_r4_NB5B4_A,SUUU,head in,POINT,3491.187,3491.187,NA
2017-06-14_5B_r4_NB5B4_A,SUUU,head out,POINT,858.982,858.982,NA
2017-06-14_5B_r4_NB5B4_A,SUUU,head out,POINT,2239.937,2239.937,NA
2017-06-14_5B_r4_NB5B4_A,SUUU,head out,POINT,2375.973,2375.973,NA
2017-06-14_5B_r4_NB5B4_A,SUUU,head out,POINT,3419.41,3419.41,NA
2017-06-14_5B_r4_NB5B4_A,SUUU,head out,POINT,3427.524,3427.524,NA
2017-06-14_5B_r4_NB5B4_A,SUUU,head out,POINT,3687.083,3687.083,NA
2017-06-14_5B_r4_NB5B4_A,SUUU,head out,POINT,3750.249,3750.249,NA
2017-06-14_5B_r4_NB5B4_A,SUUU,head out,POINT,3760.759,3760.759,NA
2017-06-14_5B_r4_NB5B4_A,SUUU,stat,STATE,706.506,770.569,64.063
2017-06-14_5B_r4_NB5B4_A,SUUU,stat,STATE,882.783,1457.957,575.174
2017-06-14_5B_r4_NB5B4_A,SUUU,stat,STATE,1471.27,1966.565,495.295
2017-06-14_5B_r4_NB5B4_A,SUUU,stat,STATE,3766.167,3830.102,63.935
2017-06-14_5B_r4_NB5B4_A,SUUU,preening,STATE,764.364,765.966,1.602
2017-06-14_5B_r4_NB5B4_A,SUUU,preening,STATE,927.212,934.535,7.323
2017-06-14_5B_r4_NB5B4_A,SUUU,preening,STATE,1015,1035.329,20.329
2017-06-14_5B_r4_NB5B4_A,SUUU,preening,STATE,1038.338,1045.245,6.907
2017-06-14_5B_r4_NB5B4_A,SUUU,preening,STATE,1048.748,1051.351,2.603
2017-06-14_5B_r4_NB5B4_A,SUUU,preening,STATE,1057.157,1060.56,3.403
2017-06-14_5B_r4_NB5B4_A,SUUU,preening,STATE,1095.697,1132.733,37.036
2017-06-14_5B_r4_NB5B4_A,SUUU,preening,STATE,1137.738,1170.27,32.532
2017-06-14_5B_r4_NB5B4_A,SUUU,preening,STATE,1197.198,1198.8,1.602
2017-06-14_5B_r4_NB5B4_A,SUUU,preening,STATE,1207.808,1248.348,40.54
2017-06-14_5B_r4_NB5B4_A,SUUU,preening,STATE,1266.767,1269.369,2.602
2017-06-14_5B_r4_NB5B4_A,SUUU,preening,STATE,1272.874,1275.876,3.002
2017-06-14_5B_r4_NB5B4_A,SUUU,preening,STATE,1286.287,1289.89,3.603
2017-06-14_5B_r4_NB5B4_A,SUUU,preening,STATE,1291.792,1298.398,6.606
2017-06-14_5B_r4_NB5B4_A,SUUU,preening,STATE,1307.908,1310.911,3.003
2017-06-14_5B_r4_NB5B4_A,SUUU,preening,STATE,1312.412,1314.314,1.902
2017-06-14_5B_r4_NB5B4_A,SUUU,preening,STATE,1320.62,1331.933,11.313
2017-06-14_5B_r4_NB5B4_A,SUUU,preening,STATE,1339.339,1351.452,12.113
2017-06-14_5B_r4_NB5B4_A,SUUU,preening,STATE,1355.455,1364.965,9.51
2017-06-14_5B_r4_NB5B4_A,SUUU,preening,STATE,1371.972,1382.483,10.511
2017-06-14_5B_r4_NB5B4_A,SUUU,preening,STATE,1480.98,1485.284,4.304
2017-06-14_5B_r4_NB5B4_A,SUUU,preening,STATE,1581.981,1631.129,49.148
2017-06-14_5B_r4_NB5B4_A,SUUU,preening,STATE,1913.216,1927.824,14.608
2017-06-14_5B_r4_NB5B4_A,SUUU,stretch,POINT,1745.849,1745.849,NA
2017-06-14_5B_r4_NB5B4_A,SUUU,cleaning nest,POINT,3441.946,3441.946,NA
2017-06-14_5B_r4_NB5B4_A,SUUU,cleaning nest,POINT,3719.116,3719.116,NA
2017-06-14_5B_r4_NB5B4_A,SUUU,cleaning nest,POINT,3729.126,3729.126,NA
2017-06-14_5B_r4_NB5B4_A,SUUU,cleaning nest,POINT,3736.18,3736.18,NA
2017-06-14_5B_r4_NB5B4_A,SUUU,in cavity,STATE,770.57,882.383,111.813
2017-06-14_5B_r4_NB5B4_A,SUUU,in cavity,STATE,1966.566,2422.722,456.156
2017-06-14_5B_r4_NB5B4_A,SUUU,in cavity,STATE,3396.493,3456.554,60.061
2017-06-14_5B_r4_NB5B4_A,SUUU,in cavity,STATE,3491.989,3766.166,274.177
2017-06-14_5B_r4_NB5B4_A,SUUU,in cavity,STATE,3830.103,3870.767,40.664
2017-06-14_5B_r4_NB5B4_A,YOSO,head in,POINT,2300.298,2300.298,NA
2017-06-14_5B_r4_NB5B4_A,YOSO,head in,POINT,2301.903,2301.903,NA
2017-06-14_5B_r4_NB5B4_A,YOSO,head in,POINT,2315.416,2315.416,NA
2017-06-14_5B_r4_NB5B4_A,YOSO,stat,STATE,2299.598,2363.862,64.264
2017-06-14_5B_r4_NB5B4_B,SUUU,head in,POINT,1034.038,1034.038,NA
2017-06-14_5B_r4_NB5B4_B,SUUU,head in,POINT,1135.432,1135.432,NA
2017-06-14_5B_r4_NB5B4_B,SUUU,head in,POINT,1158.684,1158.684,NA
2017-06-14_5B_r4_NB5B4_B,SUUU,head in,POINT,1996.175,1996.175,NA
2017-06-14_5B_r4_NB5B4_B,SUUU,head in,POINT,2039.356,2039.356,NA
2017-06-14_5B_r4_NB5B4_B,SUUU,head in,POINT,2107.811,2107.811,NA
2017-06-14_5B_r4_NB5B4_B,SUUU,head in,POINT,2193.725,2193.725,NA
2017-06-14_5B_r4_NB5B4_B,SUUU,head out,POINT,475.595,475.595,NA
2017-06-14_5B_r4_NB5B4_B,SUUU,head out,POINT,499.963,499.963,NA
2017-06-14_5B_r4_NB5B4_B,SUUU,head out,POINT,550.663,550.663,NA
2017-06-14_5B_r4_NB5B4_B,SUUU,head out,POINT,802.102,802.102,NA
2017-06-14_5B_r4_NB5B4_B,SUUU,head out,POINT,859.969,859.969,NA
2017-06-14_5B_r4_NB5B4_B,SUUU,head out,POINT,870.294,870.294,NA
2017-06-14_5B_r4_NB5B4_B,SUUU,head out,POINT,903.447,903.447,NA
2017-06-14_5B_r4_NB5B4_B,SUUU,head out,POINT,918.102,918.102,NA
2017-06-14_5B_r4_NB5B4_B,SUUU,head out,POINT,1400.177,1400.177,NA
2017-06-14_5B_r4_NB5B4_B,SUUU,head out,POINT,1425.035,1425.035,NA
2017-06-14_5B_r4_NB5B4_B,SUUU,head out,POINT,1438.144,1438.144,NA
2017-06-14_5B_r4_NB5B4_B,SUUU,head out,POINT,2048.345,2048.345,NA
2017-06-14_5B_r4_NB5B4_B,SUUU,head out,POINT,2054.831,2054.831,NA
2017-06-14_5B_r4_NB5B4_B,SUUU,head out,POINT,2067.951,2067.951,NA
2017-06-14_5B_r4_NB5B4_B,SUUU,head out,POINT,2094.201,2094.201,NA
2017-06-14_5B_r4_NB5B4_B,SUUU,head out,POINT,2581.719,2581.719,NA
2017-06-14_5B_r4_NB5B4_B,SUUU,stat,STATE,938.139,1106.801,168.662
2017-06-14_5B_r4_NB5B4_B,SUUU,stat,STATE,1132.232,1160.36,28.128
2017-06-14_5B_r4_NB5B4_B,SUUU,stat,STATE,1444.945,1503.503,58.558
2017-06-14_5B_r4_NB5B4_B,SUUU,stat,STATE,1995.394,2040.539,45.145
2017-06-14_5B_r4_NB5B4_B,SUUU,stat,STATE,2104.504,2115.714,11.21
2017-06-14_5B_r4_NB5B4_B,SUUU,stat,STATE,2190.389,2193.993,3.604
2017-06-14_5B_r4_NB5B4_B,SUUU,stat,STATE,2602.502,2750.95,148.448
2017-06-14_5B_r4_NB5B4_B,SUUU,stat,STATE,3496.895,3519.817,22.922
2017-06-14_5B_r4_NB5B4_B,SUUU,preening,STATE,2113.212,2114.814,1.602
2017-06-14_5B_r4_NB5B4_B,SUUU,preening,STATE,2687.385,2698.598,11.213
2017-06-14_5B_r4_NB5B4_B,SUUU,cleaning nest,POINT,164.801,164.801,NA
2017-06-14_5B_r4_NB5B4_B,SUUU,cleaning nest,POINT,477.545,477.545,NA
2017-06-14_5B_r4_NB5B4_B,SUUU,cleaning nest,POINT,1401.213,1401.213,NA
2017-06-14_5B_r4_NB5B4_B,SUUU,cleaning nest,POINT,2048.345,2048.345,NA
2017-06-14_5B_r4_NB5B4_B,SUUU,cleaning nest,POINT,2054.83,2054.83,NA
2017-06-14_5B_r4_NB5B4_B,SUUU,cleaning nest,POINT,2584.829,2584.829,NA
2017-06-14_5B_r4_NB5B4_B,SUUU,in cavity,STATE,0,938.138,938.138
2017-06-14_5B_r4_NB5B4_B,SUUU,in cavity,STATE,1160.66,1444.944,284.284
2017-06-14_5B_r4_NB5B4_B,SUUU,in cavity,STATE,2041.04,2104.503,63.463
2017-06-14_5B_r4_NB5B4_B,SUUU,in cavity,STATE,2193.994,2602.5,408.506
2017-06-14_5B_r4_NB5B4_B,YOSO,head in,POINT,188.865,188.865,NA
2017-06-14_5B_r4_NB5B4_B,YOSO,head in,POINT,238.915,238.915,NA
2017-06-14_5B_r4_NB5B4_B,YOSO,head in,POINT,1728.162,1728.162,NA
2017-06-14_5B_r4_NB5B4_B,YOSO,head in,POINT,1729.012,1729.012,NA
2017-06-14_5B_r4_NB5B4_B,YOSO,stat,STATE,185.086,253.715,68.629
2017-06-14_5B_r4_NB5B4_B,YOSO,stat,STATE,1726.826,1738.066,11.24
2017-06-14_5B_r4_NB5B4_B,YOSO,in cavity,STATE,1738.067,1998.197,260.13
2017-06-14_5B_r4_NB5B4_C,SUUU,head in,POINT,1764.592,1764.592,NA
2017-06-14_5B_r4_NB5B4_C,SUUU,head out,POINT,1655.301,1655.301,NA
2017-06-14_5B_r4_NB5B4_C,SUUU,head out,POINT,1664.251,1664.251,NA
2017-06-14_5B_r4_NB5B4_C,SUUU,head out,POINT,2026.019,2026.019,NA
2017-06-14_5B_r4_NB5B4_C,SUUU,stat,STATE,1587.615,1620.948,33.333
2017-06-14_5B_r4_NB5B4_C,SUUU,stat,STATE,1674.762,1780.406,105.644
2017-06-14_5B_r4_NB5B4_C,SUUU,stat,STATE,2060.743,2221.247,160.504
2017-06-14_5B_r4_NB5B4_C,SUUU,stat,STATE,2401.63,2445.718,44.088
2017-06-14_5B_r4_NB5B4_C,SUUU,preening,STATE,1612.94,1613.941,1.001
2017-06-14_5B_r4_NB5B4_C,SUUU,preening,STATE,1704.934,1724.117,19.183
2017-06-14_5B_r4_NB5B4_C,SUUU,calling,POINT,2147.074,2147.074,NA
2017-06-14_5B_r4_NB5B4_C,SUUU,cleaning nest,POINT,1674.761,1674.761,NA
2017-06-14_5B_r4_NB5B4_C,SUUU,cleaning nest,POINT,2053.058,2053.058,NA
2017-06-14_5B_r4_NB5B4_C,SUUU,in cavity,STATE,1620.949,1674.76,53.811
2017-06-14_5B_r4_NB5B4_C,SUUU,in cavity,STATE,1780.407,2060.742,280.335
2017-06-14_5B_r4_NB5B4_C,SUUU,in cavity,STATE,2221.248,2401.629,180.381
2017-06-14_5B_r4_NB5B4_C,YOSO,head in,POINT,2225.951,2225.951,NA
2017-06-14_5B_r4_NB5B4_C,YOSO,head in,POINT,3065.753,3065.753,NA
2017-06-14_5B_r4_NB5B4_C,YOSO,head out,POINT,3513.222,3513.222,NA
2017-06-14_5B_r4_NB5B4_C,YOSO,stat,STATE,2222.248,2243.27,21.022
2017-06-14_5B_r4_NB5B4_C,YOSO,stat,STATE,3062.588,3073.498,10.91
2017-06-14_5B_r4_NB5B4_C,YOSO,in cavity,STATE,3073.499,3870.569,797.07
2017-06-14_5B_r4_NB5B4_D,SUUU,head in,POINT,945.054,945.054,NA
2017-06-14_5B_r4_NB5B4_D,SUUU,head in,POINT,958.502,958.502,NA
2017-06-14_5B_r4_NB5B4_D,SUUU,head in,POINT,1236.257,1236.257,NA
2017-06-14_5B_r4_NB5B4_D,SUUU,head out,POINT,1513.696,1513.696,NA
2017-06-14_5B_r4_NB5B4_D,SUUU,head out,POINT,1823.281,1823.281,NA
2017-06-14_5B_r4_NB5B4_D,SUUU,stat,STATE,934.534,1021.113,86.579
2017-06-14_5B_r4_NB5B4_D,SUUU,stat,STATE,1116.008,1237.332,121.324
2017-06-14_5B_r4_NB5B4_D,SUUU,stat,STATE,1612.694,1689.988,77.294
2017-06-14_5B_r4_NB5B4_D,SUUU,preening,STATE,969.014,1007.107,38.093
2017-06-14_5B_r4_NB5B4_D,SUUU,preening,STATE,1143.283,1236.256,92.973
2017-06-14_5B_r4_NB5B4_D,SUUU,preening,STATE,1680.948,1682.281,1.333
2017-06-14_5B_r4_NB5B4_D,SUUU,cleaning nest,POINT,1028.197,1028.197,NA
2017-06-14_5B_r4_NB5B4_D,SUUU,cleaning nest,POINT,1036.675,1036.675,NA
2017-06-14_5B_r4_NB5B4_D,SUUU,cleaning nest,POINT,1048.176,1048.176,NA
2017-06-14_5B_r4_NB5B4_D,SUUU,cleaning nest,POINT,1105.346,1105.346,NA
2017-06-14_5B_r4_NB5B4_D,SUUU,in cavity,STATE,1021.114,1115.958,94.844
2017-06-14_5B_r4_NB5B4_D,SUUU,in cavity,STATE,1239.004,1611.344,372.34
2017-06-14_5B_r4_NB5B4_D,SUUU,in cavity,STATE,1689.989,1843.228,153.239
2017-06-14_5B_r4_NB5B4_D,YOSO,head in,POINT,1787.828,1787.828,NA
2017-06-14_5B_r4_NB5B4_D,YOSO,head out,POINT,176.583,176.583,NA
2017-06-14_5B_r4_NB5B4_D,YOSO,stat,STATE,1787.586,1816.702,29.116
2017-06-14_5B_r4_NB5B4_D,YOSO,in cavity,STATE,0,193.898,193.898
2017-07-07_18C_r4_Catfish_A,OOSG,head in,POINT,2974.676,2974.676,NA
2017-07-07_18C_r4_Catfish_A,OOSG,head in,POINT,2984.586,2984.586,NA
2017-07-07_18C_r4_Catfish_A,OOSG,head out,POINT,115.724,115.724,NA
2017-07-07_18C_r4_Catfish_A,OOSG,head out,POINT,714.514,714.514,NA
2017-07-07_18C_r4_Catfish_A,OOSG,head out,POINT,3006.308,3006.308,NA
2017-07-07_18C_r4_Catfish_A,OOSG,head out,POINT,3316.825,3316.825,NA
2017-07-07_18C_r4_Catfish_A,OOSG,head out,POINT,3421.926,3421.926,NA
2017-07-07_18C_r4_Catfish_A,OOSG,stat,STATE,743.846,882.488,138.642
2017-07-07_18C_r4_Catfish_A,OOSG,stat,STATE,1073.172,1075.674,2.502
2017-07-07_18C_r4_Catfish_A,OOSG,stat,STATE,2972.77,2987.889,15.119
2017-07-07_18C_r4_Catfish_A,OOSG,stat,STATE,3042.742,3097.88,55.138
2017-07-07_18C_r4_Catfish_A,OOSG,preening,STATE,778.486,799.002,20.516
2017-07-07_18C_r4_Catfish_A,OOSG,preening,STATE,823.826,826.129,2.303
2017-07-07_18C_r4_Catfish_A,OOSG,calling,POINT,1070.774,1070.774,NA
2017-07-07_18C_r4_Catfish_A,OOSG,calling,POINT,751.957,751.957,NA
2017-07-07_18C_r4_Catfish_A,OOSG,calling,POINT,819.321,819.321,NA
2017-07-07_18C_r4_Catfish_A,OOSG,calling,POINT,826.13,826.13,NA
2017-07-07_18C_r4_Catfish_A,OOSG,calling,POINT,842.046,842.046,NA
2017-07-07_18C_r4_Catfish_A,OOSG,calling,POINT,3791.994,3791.994,NA
2017-07-07_18C_r4_Catfish_A,OOSG,calling,POINT,3796.897,3796.897,NA
2017-07-07_18C_r4_Catfish_A,OOSG,drumming,POINT,3794.493,3794.493,NA
2017-07-07_18C_r4_Catfish_A,OOSG,drumming,POINT,3797.398,3797.398,NA
2017-07-07_18C_r4_Catfish_A,OOSG,drumming,POINT,3804.307,3804.307,NA
2017-07-07_18C_r4_Catfish_A,OOSG,drumming,POINT,3812.714,3812.714,NA
2017-07-07_18C_r4_Catfish_A,OOSG,drumming,POINT,3821.922,3821.922,NA
2017-07-07_18C_r4_Catfish_A,OOSG,drumming,POINT,3853.156,3853.156,NA
2017-07-07_18C_r4_Catfish_A,OOSG,drumming,POINT,3869.268,3869.268,NA
2017-07-07_18C_r4_Catfish_A,OOSG,in cavity,STATE,0,743.845,743.845
2017-07-07_18C_r4_Catfish_A,OOSG,in cavity,STATE,2987.99,3042.741,54.751
2017-07-07_18C_r4_Catfish_A,OOSG,in cavity,STATE,3097.897,3597.195,499.298
2017-07-07_18C_r4_Catfish_A,SUOR,head in,POINT,1825.628,1825.628,NA
2017-07-07_18C_r4_Catfish_A,SUOR,head out,POINT,2124.326,2124.326,NA
2017-07-07_18C_r4_Catfish_A,SUOR,head out,POINT,2512.713,2512.713,NA
2017-07-07_18C_r4_Catfish_A,SUOR,head out,POINT,2821.32,2821.32,NA
2017-07-07_18C_r4_Catfish_A,SUOR,stat,STATE,1071.953,1080.681,8.728
2017-07-07_18C_r4_Catfish_A,SUOR,stat,STATE,2882.183,2895.601,13.418
2017-07-07_18C_r4_Catfish_A,SUOR,calling,POINT,1076.381,1076.381,NA
2017-07-07_18C_r4_Catfish_A,SUOR,in cavity,STATE,1830.33,2882.182,1051.852
2017-07-07_18C_r4_Catfish_B,OOSG,stat,STATE,0,67.874,67.874
2017-07-07_18C_r4_Catfish_B,SUOR,head out,POINT,1355.456,1355.456,NA
2017-07-07_18C_r4_Catfish_B,SUOR,head out,POINT,1899.303,1899.303,NA
2017-07-07_18C_r4_Catfish_B,SUOR,head out,POINT,2261.26,2261.26,NA
2017-07-07_18C_r4_Catfish_B,SUOR,head out,POINT,2439.941,2439.941,NA
2017-07-07_18C_r4_Catfish_B,SUOR,head out,POINT,2986.489,2986.489,NA
2017-07-07_18C_r4_Catfish_B,SUOR,stat,STATE,504.706,511.013,6.307
2017-07-07_18C_r4_Catfish_B,SUOR,stat,STATE,1622.037,1622.124,0.087
2017-07-07_18C_r4_Catfish_B,SUOR,stat,STATE,2480.483,2519.72,39.237
2017-07-07_18C_r4_Catfish_B,SUOR,stat,STATE,2612.012,2629.229,17.217
2017-07-07_18C_r4_Catfish_B,SUOR,stat,STATE,3050.452,3084.086,33.634
2017-07-07_18C_r4_Catfish_B,SUOR,stat,STATE,3208.81,3214.212,5.402
2017-07-07_18C_r4_Catfish_B,SUOR,stat,STATE,3578.679,3651.853,73.174
2017-07-07_18C_r4_Catfish_B,SUOR,preening,STATE,3598.398,3608.107,9.709
2017-07-07_18C_r4_Catfish_B,SUOR,preening,STATE,3622.622,3627.827,5.205
2017-07-07_18C_r4_Catfish_B,SUOR,in cavity,STATE,511.014,1360.361,849.347
2017-07-07_18C_r4_Catfish_B,SUOR,in cavity,STATE,1632.332,2480.482,848.15
2017-07-07_18C_r4_Catfish_B,SUOR,in cavity,STATE,2629.23,3050.452,421.222
2017-07-07_18C_r4_Catfish_B,SUOR,in cavity,STATE,3214.213,3578.679,364.466
2017-07-07_18C_r4_Catfish_C,SUOR,head in,POINT,143.098,143.098,NA
2017-07-07_18C_r4_Catfish_C,SUOR,stat,STATE,136.968,145.901,8.933
2017-07-07_18C_r4_Catfish_C,SUOR,in cavity,STATE,145.902,404,258.098
2017-07-12_5A_r4_NB5A4_brd2_A,SURO,head out,POINT,3677.975,3677.975,NA
2017-07-12_5A_r4_NB5A4_brd2_A,SURO,stat,STATE,1053.156,1054.055,0.899
2017-07-12_5A_r4_NB5A4_brd2_A,SURO,stat,STATE,3199.198,3207.706,8.508
2017-07-12_5A_r4_NB5A4_brd2_A,SURO,in cavity,STATE,3207.707,3682.483,474.776
2017-07-12_5A_r4_NB5A4_brd2_B,SURO,head in,POINT,780.383,780.383,NA
2017-07-12_5A_r4_NB5A4_brd2_B,SURO,head out,POINT,1436.738,1436.738,NA
2017-07-12_5A_r4_NB5A4_brd2_B,SURO,head out,POINT,1552.256,1552.256,NA
2017-07-12_5A_r4_NB5A4_brd2_B,SURO,head out,POINT,2038.444,2038.444,NA
2017-07-12_5A_r4_NB5A4_brd2_B,SURO,stat,STATE,80.082,81.383,1.301
2017-07-12_5A_r4_NB5A4_brd2_B,SURO,stat,STATE,772.174,782.884,10.71
2017-07-12_5A_r4_NB5A4_brd2_B,SURO,stat,STATE,1462.365,1465.065,2.7
2017-07-12_5A_r4_NB5A4_brd2_B,SURO,in cavity,STATE,782.885,1448.248,665.363
2017-07-12_5A_r4_NB5A4_brd2_B,SURO,in cavity,STATE,1465.066,2832.535,1367.469
2017-07-12_5A_r4_NB5A4_brd2_C,GRGS,head in,POINT,905.308,905.308,NA
2017-07-12_5A_r4_NB5A4_brd2_C,GRGS,head out,POINT,2452.655,2452.655,NA
2017-07-12_5A_r4_NB5A4_brd2_C,GRGS,stat,STATE,895.797,909.713,13.916
2017-07-12_5A_r4_NB5A4_brd2_C,GRGS,stat,STATE,2059.561,2082.57,23.009
2017-07-12_5A_r4_NB5A4_brd2_C,GRGS,in cavity,STATE,909.714,1519.423,609.709
2017-07-12_5A_r4_NB5A4_brd2_C,GRGS,in cavity,STATE,2082.886,2463.362,380.476
2017-07-12_5A_r4_NB5A4_brd2_C,SURO,stat,STATE,2956.255,2963.261,7.006
2017-07-12_5A_r4_NB5A4_brd2_C,SURO,in cavity,STATE,2963.262,3036.738,73.476
2017-07-12_5A_r4_NB5A4_brd2_C,unknown,stat,STATE,881.281,881.582,0.301
2017-07-12_5A_r4_NB5A4_brd2_D,SURO,head out,POINT,1218.522,1218.522,NA
2017-07-12_5A_r4_NB5A4_brd2_D,SURO,stat,STATE,428.03,448.95,20.92
2017-07-12_5A_r4_NB5A4_brd2_D,SURO,stat,STATE,1037.739,1068.769,31.03
2017-07-12_5A_r4_NB5A4_brd2_D,SURO,excavating,STATE,1041.742,1057.36,15.618
2017-07-12_5A_r4_NB5A4_brd2_D,SURO,in cavity,STATE,448.951,608.409,159.458
2017-07-12_5A_r4_NB5A4_brd2_D,SURO,in cavity,STATE,1069.871,1229.231,159.36
2017-07-14_18C_r4_Catfish_A,OOSG,head in,POINT,2796.095,2796.095,NA
2017-07-14_18C_r4_Catfish_A,OOSG,head out,POINT,740.24,740.24,NA
2017-07-14_18C_r4_Catfish_A,OOSG,head out,POINT,3074.975,3074.975,NA
2017-07-14_18C_r4_Catfish_A,OOSG,head out,POINT,3403.903,3403.903,NA
2017-07-14_18C_r4_Catfish_A,OOSG,stat,STATE,191.895,226.026,34.131
2017-07-14_18C_r4_Catfish_A,OOSG,stat,STATE,745.951,784.585,38.634
2017-07-14_18C_r4_Catfish_A,OOSG,stat,STATE,2317.412,2344.6,27.188
2017-07-14_18C_r4_Catfish_A,OOSG,stat,STATE,2460.665,2551.653,90.988
2017-07-14_18C_r4_Catfish_A,OOSG,stat,STATE,2788.188,2805.606,17.418
2017-07-14_18C_r4_Catfish_A,OOSG,stat,STATE,3093.191,3157.057,63.866
2017-07-14_18C_r4_Catfish_A,OOSG,stat,STATE,3278.175,3282.283,4.108
2017-07-14_18C_r4_Catfish_A,OOSG,stat,STATE,3407.509,3409.509,2
2017-07-14_18C_r4_Catfish_A,OOSG,eating,POINT,3108.71,3108.71,NA
2017-07-14_18C_r4_Catfish_A,OOSG,preening,STATE,749.349,750.554,1.205
2017-07-14_18C_r4_Catfish_A,OOSG,preening,STATE,2462.766,2468.669,5.903
2017-07-14_18C_r4_Catfish_A,OOSG,preening,STATE,2525.225,2527.327,2.102
2017-07-14_18C_r4_Catfish_A,OOSG,preening,STATE,3094.494,3096.094,1.6
2017-07-14_18C_r4_Catfish_A,OOSG,calling,POINT,2482.985,2482.985,NA
2017-07-14_18C_r4_Catfish_A,OOSG,drumming,POINT,3138.137,3138.137,NA
2017-07-14_18C_r4_Catfish_A,OOSG,in cavity,STATE,226.027,744.347,518.32
2017-07-14_18C_r4_Catfish_A,OOSG,in cavity,STATE,2344.643,2459.158,114.515
2017-07-14_18C_r4_Catfish_A,OOSG,in cavity,STATE,2805.607,3093.19,287.583
2017-07-14_18C_r4_Catfish_A,OOSG,in cavity,STATE,3282.284,3406.505,124.221
2017-07-14_18C_r4_Catfish_A,SUOR,head in,POINT,822.622,822.622,NA
2017-07-14_18C_r4_Catfish_A,SUOR,head in,POINT,834.635,834.635,NA
2017-07-14_18C_r4_Catfish_A,SUOR,head in,POINT,1174.078,1174.078,NA
2017-07-14_18C_r4_Catfish_A,SUOR,head in,POINT,1684.884,1684.884,NA
2017-07-14_18C_r4_Catfish_A,SUOR,head in,POINT,3749.349,3749.349,NA
2017-07-14_18C_r4_Catfish_A,SUOR,head in,POINT,3857.059,3857.059,NA
2017-07-14_18C_r4_Catfish_A,SUOR,head out,POINT,1059.862,1059.862,NA
2017-07-14_18C_r4_Catfish_A,SUOR,head out,POINT,1498,1498,NA
2017-07-14_18C_r4_Catfish_A,SUOR,stat,STATE,819.221,843.846,24.625
2017-07-14_18C_r4_Catfish_A,SUOR,stat,STATE,1145.446,1201.705,56.259
2017-07-14_18C_r4_Catfish_A,SUOR,stat,STATE,1554.8,1714.714,159.914
2017-07-14_18C_r4_Catfish_A,SUOR,stat,STATE,3746.846,3759.752,12.906
2017-07-14_18C_r4_Catfish_A,SUOR,stat,STATE,3854.753,3876.272,21.519
2017-07-14_18C_r4_Catfish_A,SUOR,preening,STATE,1605.508,1643.343,37.835
2017-07-14_18C_r4_Catfish_A,SUOR,preening,STATE,1650.75,1652.354,1.604
2017-07-14_18C_r4_Catfish_A,SUOR,preening,STATE,1665.764,1667.469,1.705
2017-07-14_18C_r4_Catfish_A,SUOR,preening,STATE,1690.694,1702.705,12.011
2017-07-14_18C_r4_Catfish_A,SUOR,calling,POINT,3855.254,3855.254,NA
2017-07-14_18C_r4_Catfish_A,SUOR,in cavity,STATE,843.847,1144.347,300.5
2017-07-14_18C_r4_Catfish_A,SUOR,in cavity,STATE,1201.706,1554.759,353.053
2017-07-14_18C_r4_Catfish_A,SUOR,in cavity,STATE,1714.715,2318.917,604.202
2017-07-14_18C_r4_Catfish_A,SUOR,in cavity,STATE,3759.758,3854.751,94.993
2017-07-14_18C_r4_Catfish_B,OOSG,head in,POINT,1924.426,1924.426,NA
2017-07-14_18C_r4_Catfish_B,OOSG,head out,POINT,2125.125,2125.125,NA
2017-07-14_18C_r4_Catfish_B,OOSG,head out,POINT,2453.858,2453.858,NA
2017-07-14_18C_r4_Catfish_B,OOSG,head out,POINT,2496.403,2496.403,NA
2017-07-14_18C_r4_Catfish_B,OOSG,head out,POINT,2802,2802,NA
2017-07-14_18C_r4_Catfish_B,OOSG,stat,STATE,1922.827,1927.127,4.3
2017-07-14_18C_r4_Catfish_B,OOSG,stat,STATE,2136.638,2249.948,113.31
2017-07-14_18C_r4_Catfish_B,OOSG,stat,STATE,2518.02,2970.068,452.048
2017-07-14_18C_r4_Catfish_B,OOSG,preening,STATE,2138.742,2143.943,5.201
2017-07-14_18C_r4_Catfish_B,OOSG,preening,STATE,2156.459,2157.258,0.799
2017-07-14_18C_r4_Catfish_B,OOSG,preening,STATE,2162.861,2163.663,0.802
2017-07-14_18C_r4_Catfish_B,OOSG,preening,STATE,2525.327,2525.827,0.5
2017-07-14_18C_r4_Catfish_B,OOSG,preening,STATE,2532.234,2550.151,17.917
2017-07-14_18C_r4_Catfish_B,OOSG,preening,STATE,2558.26,2572.272,14.012
2017-07-14_18C_r4_Catfish_B,OOSG,preening,STATE,2586.385,2604.507,18.122
2017-07-14_18C_r4_Catfish_B,OOSG,preening,STATE,2608.407,2635.533,27.126
2017-07-14_18C_r4_Catfish_B,OOSG,preening,STATE,2639.741,2641.543,1.802
2017-07-14_18C_r4_Catfish_B,OOSG,preening,STATE,2645.345,2656.657,11.312
2017-07-14_18C_r4_Catfish_B,OOSG,preening,STATE,2660.964,2664.765,3.801
2017-07-14_18C_r4_Catfish_B,OOSG,preening,STATE,2670.974,2796.901,125.927
2017-07-14_18C_r4_Catfish_B,OOSG,preening,STATE,2809.713,2866.367,56.654
2017-07-14_18C_r4_Catfish_B,OOSG,preening,STATE,2877.478,2909.71,32.232
2017-07-14_18C_r4_Catfish_B,OOSG,calling,POINT,2149.852,2149.852,NA
2017-07-14_18C_r4_Catfish_B,OOSG,calling,POINT,2944.645,2944.645,NA
2017-07-14_18C_r4_Catfish_B,OOSG,calling,POINT,2948.05,2948.05,NA
2017-07-14_18C_r4_Catfish_B,OOSG,calling,POINT,2966.068,2966.068,NA
2017-07-14_18C_r4_Catfish_B,OOSG,in cavity,STATE,1927.128,2136.137,209.009
2017-07-14_18C_r4_Catfish_B,OOSG,in cavity,STATE,2249.949,2518.019,268.07
2017-07-14_18C_r4_Catfish_B,SUOR,head in,POINT,1.202,1.202,NA
2017-07-14_18C_r4_Catfish_B,SUOR,head in,POINT,225.927,225.927,NA
2017-07-14_18C_r4_Catfish_B,SUOR,head in,POINT,1841.543,1841.543,NA
2017-07-14_18C_r4_Catfish_B,SUOR,head in,POINT,2973.372,2973.372,NA
2017-07-14_18C_r4_Catfish_B,SUOR,head in,POINT,3008.007,3008.007,NA
2017-07-14_18C_r4_Catfish_B,SUOR,head out,POINT,701.805,701.805,NA
2017-07-14_18C_r4_Catfish_B,SUOR,head out,POINT,1118.624,1118.624,NA
2017-07-14_18C_r4_Catfish_B,SUOR,head out,POINT,1806.21,1806.21,NA
2017-07-14_18C_r4_Catfish_B,SUOR,head out,POINT,3312.415,3312.415,NA
2017-07-14_18C_r4_Catfish_B,SUOR,head out,POINT,3708.51,3708.51,NA
2017-07-14_18C_r4_Catfish_B,SUOR,stat,STATE,0,6.111,6.111
2017-07-14_18C_r4_Catfish_B,SUOR,stat,STATE,223.627,230.234,6.607
2017-07-14_18C_r4_Catfish_B,SUOR,stat,STATE,1482.683,1486.988,4.305
2017-07-14_18C_r4_Catfish_B,SUOR,stat,STATE,1812.615,1856.055,43.44
2017-07-14_18C_r4_Catfish_B,SUOR,stat,STATE,2970.571,3020.419,49.848
2017-07-14_18C_r4_Catfish_B,SUOR,eating,POINT,1179.98,1179.98,NA
2017-07-14_18C_r4_Catfish_B,SUOR,eating,POINT,3394.492,3394.492,NA
2017-07-14_18C_r4_Catfish_B,SUOR,eating,POINT,3433.231,3433.231,NA
2017-07-14_18C_r4_Catfish_B,SUOR,eating,POINT,3745.543,3745.543,NA
2017-07-14_18C_r4_Catfish_B,SUOR,calling,POINT,1810.511,1810.511,NA
2017-07-14_18C_r4_Catfish_B,SUOR,in cavity,STATE,230.235,1184.384,954.149
2017-07-14_18C_r4_Catfish_B,SUOR,in cavity,STATE,1486.989,1810.81,323.821
2017-07-14_18C_r4_Catfish_B,SUOR,in cavity,STATE,3020.42,3780.882,760.462
2017-07-14_18C_r4_Catfish_C,OOSG,head in,POINT,643.945,643.945,NA
2017-07-14_18C_r4_Catfish_C,OOSG,head in,POINT,1425.43,1425.43,NA
2017-07-14_18C_r4_Catfish_C,OOSG,head out,POINT,994.596,994.596,NA
2017-07-14_18C_r4_Catfish_C,OOSG,head out,POINT,1704.908,1704.908,NA
2017-07-14_18C_r4_Catfish_C,OOSG,head out,POINT,2299.382,2299.382,NA
2017-07-14_18C_r4_Catfish_C,OOSG,stat,STATE,636.538,645.847,9.309
2017-07-14_18C_r4_Catfish_C,OOSG,stat,STATE,1013.519,1049.25,35.731
2017-07-14_18C_r4_Catfish_C,OOSG,stat,STATE,1423.13,1427.23,4.1
2017-07-14_18C_r4_Catfish_C,OOSG,stat,STATE,1729.329,1805.806,76.477
2017-07-14_18C_r4_Catfish_C,OOSG,stat,STATE,2057.258,2059.86,2.602
2017-07-14_18C_r4_Catfish_C,OOSG,stat,STATE,2347.433,2353.793,6.36
2017-07-14_18C_r4_Catfish_C,OOSG,preening,STATE,1020.723,1023.627,2.904
2017-07-14_18C_r4_Catfish_C,OOSG,preening,STATE,1029.535,1031.332,1.797
2017-07-14_18C_r4_Catfish_C,OOSG,preening,STATE,1044.946,1048.052,3.106
2017-07-14_18C_r4_Catfish_C,OOSG,preening,STATE,1730.834,1757.662,26.828
2017-07-14_18C_r4_Catfish_C,OOSG,preening,STATE,1759.56,1781.3,21.74
2017-07-14_18C_r4_Catfish_C,OOSG,preening,STATE,1786.989,1803.605,16.616
2017-07-14_18C_r4_Catfish_C,OOSG,calling,POINT,2317.902,2317.902,NA
2017-07-14_18C_r4_Catfish_C,OOSG,calling,POINT,2320.503,2320.503,NA
2017-07-14_18C_r4_Catfish_C,OOSG,calling,POINT,2342.326,2342.326,NA
2017-07-14_18C_r4_Catfish_C,OOSG,calling,POINT,2345.128,2345.128,NA
2017-07-14_18C_r4_Catfish_C,OOSG,calling,POINT,2351.535,2351.535,NA
2017-07-14_18C_r4_Catfish_C,OOSG,drumming,POINT,2348.43,2348.43,NA
2017-07-14_18C_r4_Catfish_C,OOSG,in cavity,STATE,645.848,1013.017,367.169
2017-07-14_18C_r4_Catfish_C,OOSG,in cavity,STATE,1427.231,1728.932,301.701
2017-07-14_18C_r4_Catfish_C,OOSG,in cavity,STATE,2059.861,2347.432,287.571
2017-07-14_18C_r4_Catfish_C,SUOR,head in,POINT,2385.971,2385.971,NA
2017-07-14_18C_r4_Catfish_C,SUOR,head in,POINT,2400.484,2400.484,NA
2017-07-14_18C_r4_Catfish_C,SUOR,head in,POINT,3176.46,3176.46,NA
2017-07-14_18C_r4_Catfish_C,SUOR,head in,POINT,3218.102,3218.102,NA
2017-07-14_18C_r4_Catfish_C,SUOR,head in,POINT,3295.178,3295.178,NA
2017-07-14_18C_r4_Catfish_C,SUOR,head out,POINT,480.184,480.184,NA
2017-07-14_18C_r4_Catfish_C,SUOR,head out,POINT,2641.626,2641.626,NA
2017-07-14_18C_r4_Catfish_C,SUOR,head out,POINT,3730.512,3730.512,NA
2017-07-14_18C_r4_Catfish_C,SUOR,stat,STATE,138.342,145.244,6.902
2017-07-14_18C_r4_Catfish_C,SUOR,stat,STATE,2384.968,2413.694,28.726
2017-07-14_18C_r4_Catfish_C,SUOR,stat,STATE,2682.964,2689.974,7.01
2017-07-14_18C_r4_Catfish_C,SUOR,stat,STATE,3173.354,3300.782,127.428
2017-07-14_18C_r4_Catfish_C,SUOR,stat,STATE,3823.407,3827.022,3.615
2017-07-14_18C_r4_Catfish_C,SUOR,stat,STATE,3830.312,3876.272,45.96
2017-07-14_18C_r4_Catfish_C,SUOR,stretch,POINT,3827.023,3827.023,NA
2017-07-14_18C_r4_Catfish_C,SUOR,calling,POINT,503.105,503.105,NA
2017-07-14_18C_r4_Catfish_C,SUOR,calling,POINT,505.308,505.308,NA
2017-07-14_18C_r4_Catfish_C,SUOR,in cavity,STATE,145.245,535.938,390.693
2017-07-14_18C_r4_Catfish_C,SUOR,in cavity,STATE,2413.695,2681.665,267.97
2017-07-14_18C_r4_Catfish_C,SUOR,in cavity,STATE,3300.783,3821.906,521.123
2017-07-14_18C_r4_Catfish_D,OOSG,head in,POINT,1351.856,1351.856,NA
2017-07-14_18C_r4_Catfish_D,OOSG,head in,POINT,1933.334,1933.334,NA
2017-07-14_18C_r4_Catfish_D,OOSG,head out,POINT,2017.721,2017.721,NA
2017-07-14_18C_r4_Catfish_D,OOSG,stat,STATE,1297.1,1298.098,0.998
2017-07-14_18C_r4_Catfish_D,OOSG,stat,STATE,1350.451,1356.857,6.406
2017-07-14_18C_r4_Catfish_D,OOSG,stat,STATE,1637.538,1935.437,297.899
2017-07-14_18C_r4_Catfish_D,OOSG,preening,STATE,1681.386,1853.655,172.269
2017-07-14_18C_r4_Catfish_D,OOSG,preening,STATE,1865.866,1905.107,39.241
2017-07-14_18C_r4_Catfish_D,OOSG,preening,STATE,1918.222,1920.023,1.801
2017-07-14_18C_r4_Catfish_D,OOSG,in cavity,STATE,1356.958,1635.639,278.681
2017-07-14_18C_r4_Catfish_D,OOSG,in cavity,STATE,1935.438,2031.429,95.991
2017-07-14_18C_r4_Catfish_D,SUOR,head in,POINT,404.208,404.208,NA
2017-07-14_18C_r4_Catfish_D,SUOR,head in,POINT,508.81,508.81,NA
2017-07-14_18C_r4_Catfish_D,SUOR,head in,POINT,519.722,519.722,NA
2017-07-14_18C_r4_Catfish_D,SUOR,head in,POINT,1105.309,1105.309,NA
2017-07-14_18C_r4_Catfish_D,SUOR,head out,POINT,657.864,657.864,NA
2017-07-14_18C_r4_Catfish_D,SUOR,head out,POINT,953.762,953.762,NA
2017-07-14_18C_r4_Catfish_D,SUOR,head out,POINT,1220.225,1220.225,NA
2017-07-14_18C_r4_Catfish_D,SUOR,head out,POINT,1319.227,1319.227,NA
2017-07-14_18C_r4_Catfish_D,SUOR,stat,STATE,0,35.336,35.336
2017-07-14_18C_r4_Catfish_D,SUOR,stat,STATE,403.406,410.014,6.608
2017-07-14_18C_r4_Catfish_D,SUOR,stat,STATE,508.11,521.625,13.515
2017-07-14_18C_r4_Catfish_D,SUOR,stat,STATE,1042.95,1108.408,65.458
2017-07-14_18C_r4_Catfish_D,SUOR,eating,POINT,1.505,1.505,NA
2017-07-14_18C_r4_Catfish_D,SUOR,preening,STATE,1091.492,1091.992,0.5
2017-07-14_18C_r4_Catfish_D,SUOR,preening,STATE,1097.602,1098.701,1.099
2017-07-14_18C_r4_Catfish_D,SUOR,in cavity,STATE,521.626,1041.845,520.219
2017-07-14_18C_r4_Catfish_D,SUOR,in cavity,STATE,1108.809,1320.721,211.912
2017-07-19_5B_r4_A1_brd2_A,YYSR,head in,POINT,930.132,930.132,NA
2017-07-19_5B_r4_A1_brd2_A,YYSR,head in,POINT,943.144,943.144,NA
2017-07-19_5B_r4_A1_brd2_A,YYSR,head in,POINT,1396.6,1396.6,NA
2017-07-19_5B_r4_A1_brd2_A,YYSR,head out,POINT,1094.795,1094.795,NA
2017-07-19_5B_r4_A1_brd2_A,YYSR,head out,POINT,1571.073,1571.073,NA
2017-07-19_5B_r4_A1_brd2_A,YYSR,head out,POINT,3688.589,3688.589,NA
2017-07-19_5B_r4_A1_brd2_A,YYSR,stat,STATE,928.03,950.055,22.025
2017-07-19_5B_r4_A1_brd2_A,YYSR,stat,STATE,1385.087,1397.999,12.912
2017-07-19_5B_r4_A1_brd2_A,YYSR,stat,STATE,3527.727,3542.543,14.816
2017-07-19_5B_r4_A1_brd2_A,YYSR,in cavity,STATE,950.056,1101.204,151.148
2017-07-19_5B_r4_A1_brd2_A,YYSR,in cavity,STATE,1398,1595.596,197.596
2017-07-19_5B_r4_A1_brd2_A,YYSR,in cavity,STATE,3542.544,3697.599,155.055
2017-07-19_5B_r4_A1_brd2_A,YYSR_mate,head in,POINT,392.894,392.894,NA
2017-07-19_5B_r4_A1_brd2_A,YYSR_mate,head in,POINT,1707.109,1707.109,NA
2017-07-19_5B_r4_A1_brd2_A,YYSR_mate,head in,POINT,1715.52,1715.52,NA
2017-07-19_5B_r4_A1_brd2_A,YYSR_mate,head in,POINT,2501.004,2501.004,NA
2017-07-19_5B_r4_A1_brd2_A,YYSR_mate,head in,POINT,2503.306,2503.306,NA
2017-07-19_5B_r4_A1_brd2_A,YYSR_mate,head in,POINT,3032.934,3032.934,NA
2017-07-19_5B_r4_A1_brd2_A,YYSR_mate,head out,POINT,627.128,627.128,NA
2017-07-19_5B_r4_A1_brd2_A,YYSR_mate,head out,POINT,1862.261,1862.261,NA
2017-07-19_5B_r4_A1_brd2_A,YYSR_mate,head out,POINT,2577.176,2577.176,NA
2017-07-19_5B_r4_A1_brd2_A,YYSR_mate,head out,POINT,3165.665,3165.665,NA
2017-07-19_5B_r4_A1_brd2_A,YYSR_mate,stat,STATE,382.085,395.098,13.013
2017-07-19_5B_r4_A1_brd2_A,YYSR_mate,stat,STATE,1703.005,1722.025,19.02
2017-07-19_5B_r4_A1_brd2_A,YYSR_mate,stat,STATE,2500.504,2511.213,10.709
2017-07-19_5B_r4_A1_brd2_A,YYSR_mate,stat,STATE,3028.327,3036.033,7.706
2017-07-19_5B_r4_A1_brd2_A,YYSR_mate,in cavity,STATE,395.099,639.642,244.543
2017-07-19_5B_r4_A1_brd2_A,YYSR_mate,in cavity,STATE,1722.026,1872.075,150.049
2017-07-19_5B_r4_A1_brd2_A,YYSR_mate,in cavity,STATE,2511.214,2585.687,74.473
2017-07-19_5B_r4_A1_brd2_A,YYSR_mate,in cavity,STATE,3036.034,3177.278,141.244
2017-07-19_5B_r4_A1_brd2_B,YYSR,head in,POINT,89.291,89.291,NA
2017-07-19_5B_r4_A1_brd2_B,YYSR,head in,POINT,2545.047,2545.047,NA
2017-07-19_5B_r4_A1_brd2_B,YYSR,head out,POINT,231.937,231.937,NA
2017-07-19_5B_r4_A1_brd2_B,YYSR,head out,POINT,2745.55,2745.55,NA
2017-07-19_5B_r4_A1_brd2_B,YYSR,stat,STATE,81.387,90.795,9.408
2017-07-19_5B_r4_A1_brd2_B,YYSR,stat,STATE,2542.647,2557.359,14.712
2017-07-19_5B_r4_A1_brd2_B,YYSR,in cavity,STATE,90.796,243.947,153.151
2017-07-19_5B_r4_A1_brd2_B,YYSR,in cavity,STATE,2557.36,2756.457,199.097
2017-07-19_5B_r4_A1_brd2_B,YYSR_mate,head in,POINT,1684.888,1684.888,NA
2017-07-19_5B_r4_A1_brd2_B,YYSR_mate,head in,POINT,3144.642,3144.642,NA
2017-07-19_5B_r4_A1_brd2_B,YYSR_mate,head in,POINT,3622.922,3622.922,NA
2017-07-19_5B_r4_A1_brd2_B,YYSR_mate,head out,POINT,1269.17,1269.17,NA
2017-07-19_5B_r4_A1_brd2_B,YYSR_mate,head out,POINT,3274.984,3274.984,NA
2017-07-19_5B_r4_A1_brd2_B,YYSR_mate,stat,STATE,1112.723,1118.517,5.794
2017-07-19_5B_r4_A1_brd2_B,YYSR_mate,stat,STATE,1682.888,1688.89,6.002
2017-07-19_5B_r4_A1_brd2_B,YYSR_mate,stat,STATE,3133.2,3147.748,14.548
2017-07-19_5B_r4_A1_brd2_B,YYSR_mate,stat,STATE,3285.391,3500.2,214.809
2017-07-19_5B_r4_A1_brd2_B,YYSR_mate,stat,STATE,3619.525,3623.925,4.4
2017-07-19_5B_r4_A1_brd2_B,YYSR_mate,preening,STATE,3291.49,3355.354,63.864
2017-07-19_5B_r4_A1_brd2_B,YYSR_mate,preening,STATE,3386.087,3419.217,33.13
2017-07-19_5B_r4_A1_brd2_B,YYSR_mate,preening,STATE,3431.431,3487.685,56.254
2017-07-19_5B_r4_A1_brd2_B,YYSR_mate,preening,STATE,3492.291,3500.198,7.907
2017-07-19_5B_r4_A1_brd2_B,YYSR_mate,in cavity,STATE,1118.518,1278.78,160.262
2017-07-19_5B_r4_A1_brd2_B,YYSR_mate,in cavity,STATE,1688.891,1860.963,172.072
2017-07-19_5B_r4_A1_brd2_B,YYSR_mate,in cavity,STATE,3147.749,3285.39,137.641
2017-07-19_5B_r4_A1_brd2_B,YYSR_mate,in cavity,STATE,3624.422,3642.54,18.118
2017-07-22_18C_r4_N1718CA2_A,BUSY,head in,POINT,3140.242,3140.242,NA
2017-07-22_18C_r4_N1718CA2_A,BUSY,head in,POINT,3144.146,3144.146,NA
2017-07-22_18C_r4_N1718CA2_A,BUSY,head in,POINT,3153.352,3153.352,NA
2017-07-22_18C_r4_N1718CA2_A,BUSY,head in,POINT,3160.863,3160.863,NA
2017-07-22_18C_r4_N1718CA2_A,BUSY,head in,POINT,3220.221,3220.221,NA
2017-07-22_18C_r4_N1718CA2_A,BUSY,head out,POINT,3450.15,3450.15,NA
2017-07-22_18C_r4_N1718CA2_A,BUSY,stat,STATE,3139.74,3221.723,81.983
2017-07-22_18C_r4_N1718CA2_A,BUSY,stat,STATE,3636.138,3646.447,10.309
2017-07-22_18C_r4_N1718CA2_A,BUSY,stat,STATE,3677.274,3683.486,6.212
2017-07-22_18C_r4_N1718CA2_A,BUSY,in cavity,STATE,3221.724,3635.536,413.812
2017-07-22_18C_r4_N1718CA2_A,SRUB,head in,POINT,552.554,552.554,NA
2017-07-22_18C_r4_N1718CA2_A,SRUB,head in,POINT,557.459,557.459,NA
2017-07-22_18C_r4_N1718CA2_A,SRUB,head in,POINT,1646.149,1646.149,NA
2017-07-22_18C_r4_N1718CA2_A,SRUB,head in,POINT,1983.085,1983.085,NA
2017-07-22_18C_r4_N1718CA2_A,SRUB,head in,POINT,3688.89,3688.89,NA
2017-07-22_18C_r4_N1718CA2_A,SRUB,head out,POINT,1398.903,1398.903,NA
2017-07-22_18C_r4_N1718CA2_A,SRUB,head out,POINT,1816.317,1816.317,NA
2017-07-22_18C_r4_N1718CA2_A,SRUB,head out,POINT,2305.409,2305.409,NA
2017-07-22_18C_r4_N1718CA2_A,SRUB,head out,POINT,2654.655,2654.655,NA
2017-07-22_18C_r4_N1718CA2_A,SRUB,head out,POINT,2992.494,2992.494,NA
2017-07-22_18C_r4_N1718CA2_A,SRUB,head out,POINT,3062.36,3062.36,NA
2017-07-22_18C_r4_N1718CA2_A,SRUB,stat,STATE,543.649,558.362,14.713
2017-07-22_18C_r4_N1718CA2_A,SRUB,stat,STATE,1453.657,1647.146,193.489
2017-07-22_18C_r4_N1718CA2_A,SRUB,stat,STATE,1832.635,1984.084,151.449
2017-07-22_18C_r4_N1718CA2_A,SRUB,stat,STATE,2317.82,2522.723,204.903
2017-07-22_18C_r4_N1718CA2_A,SRUB,stat,STATE,2671.671,2749.75,78.079
2017-07-22_18C_r4_N1718CA2_A,SRUB,stat,STATE,3684.982,3705.503,20.521
2017-07-22_18C_r4_N1718CA2_A,SRUB,preening,STATE,1455.356,1465.867,10.511
2017-07-22_18C_r4_N1718CA2_A,SRUB,preening,STATE,1478.279,1504.907,26.628
2017-07-22_18C_r4_N1718CA2_A,SRUB,preening,STATE,1507.41,1527.129,19.719
2017-07-22_18C_r4_N1718CA2_A,SRUB,preening,STATE,1537.44,1574.178,36.738
2017-07-22_18C_r4_N1718CA2_A,SRUB,preening,STATE,1582.184,1598.799,16.615
2017-07-22_18C_r4_N1718CA2_A,SRUB,preening,STATE,1604.705,1612.917,8.212
2017-07-22_18C_r4_N1718CA2_A,SRUB,preening,STATE,1839.142,1840.842,1.7
2017-07-22_18C_r4_N1718CA2_A,SRUB,preening,STATE,1846.55,1847.847,1.297
2017-07-22_18C_r4_N1718CA2_A,SRUB,preening,STATE,1856.961,1978.281,121.32
2017-07-22_18C_r4_N1718CA2_A,SRUB,preening,STATE,2324.823,2407.908,83.085
2017-07-22_18C_r4_N1718CA2_A,SRUB,preening,STATE,2427.629,2444.046,16.417
2017-07-22_18C_r4_N1718CA2_A,SRUB,preening,STATE,2451.45,2460.96,9.51
2017-07-22_18C_r4_N1718CA2_A,SRUB,preening,STATE,2677.981,2693.193,15.212
2017-07-22_18C_r4_N1718CA2_A,SRUB,preening,STATE,2697.798,2744.342,46.544
2017-07-22_18C_r4_N1718CA2_A,SRUB,stretch,POINT,2674.175,2674.175,NA
2017-07-22_18C_r4_N1718CA2_A,SRUB,calling,POINT,1598.8,1598.8,NA
2017-07-22_18C_r4_N1718CA2_A,SRUB,calling,POINT,2320.522,2320.522,NA
2017-07-22_18C_r4_N1718CA2_A,SRUB,calling,POINT,2474.176,2474.176,NA
2017-07-22_18C_r4_N1718CA2_A,SRUB,calling,POINT,2490.092,2490.092,NA
2017-07-22_18C_r4_N1718CA2_A,SRUB,calling,POINT,3045.647,3045.647,NA
2017-07-22_18C_r4_N1718CA2_A,SRUB,in cavity,STATE,558.363,1452.154,893.791
2017-07-22_18C_r4_N1718CA2_A,SRUB,in cavity,STATE,1647.147,1832.631,185.484
2017-07-22_18C_r4_N1718CA2_A,SRUB,in cavity,STATE,1984.085,2317.616,333.531
2017-07-22_18C_r4_N1718CA2_A,SRUB,in cavity,STATE,2522.724,2671.67,148.946
2017-07-22_18C_r4_N1718CA2_A,SRUB,in cavity,STATE,2749.751,3176.374,426.623
2017-07-22_18C_r4_N1718CA2_A,SRUB,in cavity,STATE,3705.504,3875.772,170.268
2017-07-22_18C_r4_N1718CA2_B,SRUB,head in,POINT,591.796,591.796,NA
2017-07-22_18C_r4_N1718CA2_B,SRUB,head in,POINT,1437.436,1437.436,NA
2017-07-22_18C_r4_N1718CA2_B,SRUB,head in,POINT,3634.034,3634.034,NA
2017-07-22_18C_r4_N1718CA2_B,SRUB,head out,POINT,103.208,103.208,NA
2017-07-22_18C_r4_N1718CA2_B,SRUB,head out,POINT,444.344,444.344,NA
2017-07-22_18C_r4_N1718CA2_B,SRUB,head out,POINT,686.988,686.988,NA
2017-07-22_18C_r4_N1718CA2_B,SRUB,head out,POINT,871.773,871.773,NA
2017-07-22_18C_r4_N1718CA2_B,SRUB,head out,POINT,1798.098,1798.098,NA
2017-07-22_18C_r4_N1718CA2_B,SRUB,head out,POINT,2222.925,2222.925,NA
2017-07-22_18C_r4_N1718CA2_B,SRUB,head out,POINT,2619.52,2619.52,NA
2017-07-22_18C_r4_N1718CA2_B,SRUB,head out,POINT,3042.442,3042.442,NA
2017-07-22_18C_r4_N1718CA2_B,SRUB,head out,POINT,3538.339,3538.339,NA
2017-07-22_18C_r4_N1718CA2_B,SRUB,head out,POINT,3839.138,3839.138,NA
2017-07-22_18C_r4_N1718CA2_B,SRUB,stat,STATE,217.52,228.63,11.11
2017-07-22_18C_r4_N1718CA2_B,SRUB,stat,STATE,450.754,452.757,2.003
2017-07-22_18C_r4_N1718CA2_B,SRUB,stat,STATE,590.495,602.605,12.11
2017-07-22_18C_r4_N1718CA2_B,SRUB,stat,STATE,697.199,739.14,41.941
2017-07-22_18C_r4_N1718CA2_B,SRUB,stat,STATE,898.101,974.774,76.673
2017-07-22_18C_r4_N1718CA2_B,SRUB,stat,STATE,1094.197,1095.795,1.598
2017-07-22_18C_r4_N1718CA2_B,SRUB,stat,STATE,1425.33,1446.848,21.518
2017-07-22_18C_r4_N1718CA2_B,SRUB,stat,STATE,1802.602,2072.9,270.298
2017-07-22_18C_r4_N1718CA2_B,SRUB,stat,STATE,2228.33,2358.457,130.127
2017-07-22_18C_r4_N1718CA2_B,SRUB,stat,STATE,2624.124,2839.042,214.918
2017-07-22_18C_r4_N1718CA2_B,SRUB,stat,STATE,3051.95,3141.239,89.289
2017-07-22_18C_r4_N1718CA2_B,SRUB,stat,STATE,3546.047,3636.332,90.285
2017-07-22_18C_r4_N1718CA2_B,SRUB,stat,STATE,3849.347,3866.665,17.318
2017-07-22_18C_r4_N1718CA2_B,SRUB,preening,STATE,699.101,737.138,38.037
2017-07-22_18C_r4_N1718CA2_B,SRUB,preening,STATE,1831.432,1834.735,3.303
2017-07-22_18C_r4_N1718CA2_B,SRUB,preening,STATE,1853.954,1874.176,20.222
2017-07-22_18C_r4_N1718CA2_B,SRUB,preening,STATE,2041.341,2060.261,18.92
2017-07-22_18C_r4_N1718CA2_B,SRUB,preening,STATE,2067.968,2068.969,1.001
2017-07-22_18C_r4_N1718CA2_B,SRUB,preening,STATE,2288.389,2334.336,45.947
2017-07-22_18C_r4_N1718CA2_B,SRUB,preening,STATE,2624.125,2729.628,105.503
2017-07-22_18C_r4_N1718CA2_B,SRUB,preening,STATE,2739.338,2743.745,4.407
2017-07-22_18C_r4_N1718CA2_B,SRUB,preening,STATE,2765.165,2814.115,48.95
2017-07-22_18C_r4_N1718CA2_B,SRUB,preening,STATE,3053.955,3075.074,21.119
2017-07-22_18C_r4_N1718CA2_B,SRUB,preening,STATE,3082.683,3139.438,56.755
2017-07-22_18C_r4_N1718CA2_B,SRUB,preening,STATE,3595.594,3606.507,10.913
2017-07-22_18C_r4_N1718CA2_B,SRUB,preening,STATE,3619.72,3620.718,0.998
2017-07-22_18C_r4_N1718CA2_B,SRUB,preening,STATE,3852.352,3866.664,14.312
2017-07-22_18C_r4_N1718CA2_B,SRUB,stretch,POINT,3609.61,3609.61,NA
2017-07-22_18C_r4_N1718CA2_B,SRUB,cleaning nest,POINT,109.41,109.41,NA
2017-07-22_18C_r4_N1718CA2_B,SRUB,in cavity,STATE,0,110.212,110.212
2017-07-22_18C_r4_N1718CA2_B,SRUB,in cavity,STATE,228.631,450.753,222.122
2017-07-22_18C_r4_N1718CA2_B,SRUB,in cavity,STATE,602.606,697.198,94.592
2017-07-22_18C_r4_N1718CA2_B,SRUB,in cavity,STATE,739.141,898.1,158.959
2017-07-22_18C_r4_N1718CA2_B,SRUB,in cavity,STATE,1446.849,1802.601,355.752
2017-07-22_18C_r4_N1718CA2_B,SRUB,in cavity,STATE,2072.975,2228.329,155.354
2017-07-22_18C_r4_N1718CA2_B,SRUB,in cavity,STATE,2358.458,2624.123,265.665
2017-07-22_18C_r4_N1718CA2_B,SRUB,in cavity,STATE,2839.043,3051.949,212.906
2017-07-22_18C_r4_N1718CA2_B,SRUB,in cavity,STATE,3141.24,3546.046,404.806
2017-07-22_18C_r4_N1718CA2_B,SRUB,in cavity,STATE,3636.333,3848.347,212.014
2017-07-22_18C_r4_N1718CA2_B,unbanded,stat,STATE,1251.652,1252.956,1.304
2017-07-22_18C_r4_N1718CA2_C,BUSY,head in,POINT,2799.202,2799.202,NA
2017-07-22_18C_r4_N1718CA2_C,BUSY,head in,POINT,3670.869,3670.869,NA
2017-07-22_18C_r4_N1718CA2_C,BUSY,head out,POINT,2944.745,2944.745,NA
2017-07-22_18C_r4_N1718CA2_C,BUSY,head out,POINT,3348.446,3348.446,NA
2017-07-22_18C_r4_N1718CA2_C,BUSY,stat,STATE,2785.891,2807.407,21.516
2017-07-22_18C_r4_N1718CA2_C,BUSY,stat,STATE,2958.557,3027.627,69.07
2017-07-22_18C_r4_N1718CA2_C,BUSY,stat,STATE,3383.1,3714.412,331.312
2017-07-22_18C_r4_N1718CA2_C,BUSY,in cavity,STATE,2807.408,2958.458,151.05
2017-07-22_18C_r4_N1718CA2_C,BUSY,in cavity,STATE,3027.628,3383.084,355.456
2017-07-22_18C_r4_N1718CA2_C,BUSY,in cavity,STATE,3714.413,3882.278,167.865
2017-07-22_18C_r4_N1718CA2_C,SRUB,head in,POINT,3723.321,3723.321,NA
2017-07-22_18C_r4_N1718CA2_C,SRUB,head out,POINT,454.159,454.159,NA
2017-07-22_18C_r4_N1718CA2_C,SRUB,head out,POINT,630.634,630.634,NA
2017-07-22_18C_r4_N1718CA2_C,SRUB,head out,POINT,781.684,781.684,NA
2017-07-22_18C_r4_N1718CA2_C,SRUB,head out,POINT,878.955,878.955,NA
2017-07-22_18C_r4_N1718CA2_C,SRUB,head out,POINT,1462.964,1462.964,NA
2017-07-22_18C_r4_N1718CA2_C,SRUB,head out,POINT,2045.947,2045.947,NA
2017-07-22_18C_r4_N1718CA2_C,SRUB,head out,POINT,2646.949,2646.949,NA
2017-07-22_18C_r4_N1718CA2_C,SRUB,stat,STATE,29.033,260.862,231.829
2017-07-22_18C_r4_N1718CA2_C,SRUB,stat,STATE,468.8,600.401,131.601
2017-07-22_18C_r4_N1718CA2_C,SRUB,stat,STATE,647.548,711.912,64.364
2017-07-22_18C_r4_N1718CA2_C,SRUB,stat,STATE,798.303,801.803,3.5
2017-07-22_18C_r4_N1718CA2_C,SRUB,stat,STATE,1235.736,1252.053,16.317
2017-07-22_18C_r4_N1718CA2_C,SRUB,stat,STATE,1469.574,1644.444,174.87
2017-07-22_18C_r4_N1718CA2_C,SRUB,stat,STATE,1820.622,1822.123,1.501
2017-07-22_18C_r4_N1718CA2_C,SRUB,stat,STATE,2287.586,2304.605,17.019
2017-07-22_18C_r4_N1718CA2_C,SRUB,stat,STATE,3722.922,3726.324,3.402
2017-07-22_18C_r4_N1718CA2_C,SRUB,stat,STATE,3760.662,3787.486,26.824
2017-07-22_18C_r4_N1718CA2_C,SRUB,preening,STATE,1640.139,1641.944,1.805
2017-07-22_18C_r4_N1718CA2_C,SRUB,in cavity,STATE,260.964,468.774,207.81
2017-07-22_18C_r4_N1718CA2_C,SRUB,in cavity,STATE,600.402,646.949,46.547
2017-07-22_18C_r4_N1718CA2_C,SRUB,in cavity,STATE,711.913,797.599,85.686
2017-07-22_18C_r4_N1718CA2_C,SRUB,in cavity,STATE,801.804,884.795,82.991
2017-07-22_18C_r4_N1718CA2_C,SRUB,in cavity,STATE,1252.054,1469.573,217.519
2017-07-22_18C_r4_N1718CA2_C,SRUB,in cavity,STATE,1644.548,1758.16,113.612
2017-07-22_18C_r4_N1718CA2_C,SRUB,in cavity,STATE,1822.124,2054.553,232.429
2017-07-22_18C_r4_N1718CA2_C,SRUB,in cavity,STATE,2304.606,2652.051,347.445
2017-07-22_18C_r4_N1718CA2_D,BUSY,head in,POINT,1809.208,1809.208,NA
2017-07-22_18C_r4_N1718CA2_D,BUSY,head out,POINT,269.473,269.473,NA
2017-07-22_18C_r4_N1718CA2_D,BUSY,head out,POINT,2065.865,2065.865,NA
2017-07-22_18C_r4_N1718CA2_D,BUSY,stat,STATE,329.5,686.787,357.287
2017-07-22_18C_r4_N1718CA2_D,BUSY,stat,STATE,1585.788,1586.488,0.7
2017-07-22_18C_r4_N1718CA2_D,BUSY,stat,STATE,1807.209,1813.012,5.803
2017-07-22_18C_r4_N1718CA2_D,BUSY,drumming,POINT,665.668,665.668,NA
2017-07-22_18C_r4_N1718CA2_D,BUSY,in cavity,STATE,0,329.435,329.435
2017-07-22_18C_r4_N1718CA2_D,BUSY,in cavity,STATE,1813.013,2098.398,285.385
2017-07-22_18C_r4_N1718CA2_D,SRUB,head out,POINT,906.406,906.406,NA
2017-07-22_18C_r4_N1718CA2_D,SRUB,head out,POINT,1572.773,1572.773,NA
2017-07-22_18C_r4_N1718CA2_D,SRUB,head out,POINT,2446.747,2446.747,NA
2017-07-22_18C_r4_N1718CA2_D,SRUB,stat,STATE,666.871,689.89,23.019
2017-07-22_18C_r4_N1718CA2_D,SRUB,stat,STATE,1032.334,1034.533,2.199
2017-07-22_18C_r4_N1718CA2_D,SRUB,stat,STATE,1463.964,1506.906,42.942
2017-07-22_18C_r4_N1718CA2_D,SRUB,stat,STATE,2248.838,2249.349,0.511
2017-07-22_18C_r4_N1718CA2_D,SRUB,preening,STATE,1470.87,1505.708,34.838
2017-07-22_18C_r4_N1718CA2_D,SRUB,cleaning nest,POINT,2451.341,2451.341,NA
2017-07-22_18C_r4_N1718CA2_D,SRUB,in cavity,STATE,691.793,914.316,222.523
2017-07-22_18C_r4_N1718CA2_D,SRUB,in cavity,STATE,1034.534,1221.523,186.989
2017-07-22_18C_r4_N1718CA2_D,SRUB,in cavity,STATE,1507.007,1585.087,78.08
2017-07-22_18C_r4_N1718CA2_D,SRUB,in cavity,STATE,2249.75,2455.255,205.505
2018-06-08_18C_r4_5e_N1718CA2_A,BUSY,head out,POINT,2808.512,2808.512,NA
2018-06-08_18C_r4_5e_N1718CA2_A,BUSY,head out,POINT,3444.243,3444.243,NA
2018-06-08_18C_r4_5e_N1718CA2_A,BUSY,stat,STATE,2379.981,2394.396,14.415
2018-06-08_18C_r4_5e_N1718CA2_A,BUSY,stat,STATE,2728.227,2741.541,13.314
2018-06-08_18C_r4_5e_N1718CA2_A,BUSY,stat,STATE,2909.911,2911.314,1.403
2018-06-08_18C_r4_5e_N1718CA2_A,BUSY,stat,STATE,3466.067,3577.875,111.808
2018-06-08_18C_r4_5e_N1718CA2_A,BUSY,preening,STATE,3493.39,3495.697,2.307
2018-06-08_18C_r4_5e_N1718CA2_A,BUSY,preening,STATE,3501.099,3506.504,5.405
2018-06-08_18C_r4_5e_N1718CA2_A,BUSY,preening,STATE,3510.812,3515.716,4.904
2018-06-08_18C_r4_5e_N1718CA2_A,BUSY,preening,STATE,3573.771,3575.076,1.305
2018-06-08_18C_r4_5e_N1718CA2_A,BUSY,in cavity,STATE,2394.397,2685.083,290.686
2018-06-08_18C_r4_5e_N1718CA2_A,BUSY,in cavity,STATE,2741.542,2820.823,79.281
2018-06-08_18C_r4_5e_N1718CA2_A,BUSY,in cavity,STATE,2911.315,3466.066,554.751
2018-06-08_18C_r4_5e_N1718CA2_A,BUSY,in cavity,STATE,3577.882,3875.772,297.89
2018-06-08_18C_r4_5e_N1718CA2_A,RSUU,head out,POINT,673.974,673.974,NA
2018-06-08_18C_r4_5e_N1718CA2_A,RSUU,head out,POINT,1164.869,1164.869,NA
2018-06-08_18C_r4_5e_N1718CA2_A,RSUU,head out,POINT,1289.49,1289.49,NA
2018-06-08_18C_r4_5e_N1718CA2_A,RSUU,stat,STATE,190.294,199.002,8.708
2018-06-08_18C_r4_5e_N1718CA2_A,RSUU,stat,STATE,677.582,680.883,3.301
2018-06-08_18C_r4_5e_N1718CA2_A,RSUU,stat,STATE,861.863,863.465,1.602
2018-06-08_18C_r4_5e_N1718CA2_A,RSUU,stat,STATE,1167.67,1198.799,31.129
2018-06-08_18C_r4_5e_N1718CA2_A,RSUU,stat,STATE,1305.108,1332.832,27.724
2018-06-08_18C_r4_5e_N1718CA2_A,RSUU,preening,STATE,1172.073,1174.677,2.604
2018-06-08_18C_r4_5e_N1718CA2_A,RSUU,preening,STATE,1181.685,1181.982,0.297
2018-06-08_18C_r4_5e_N1718CA2_A,RSUU,preening,STATE,1308.413,1309.914,1.501
2018-06-08_18C_r4_5e_N1718CA2_A,RSUU,in cavity,STATE,199.003,677.581,478.578
2018-06-08_18C_r4_5e_N1718CA2_A,RSUU,in cavity,STATE,863.466,1167.669,304.203
2018-06-08_18C_r4_5e_N1718CA2_A,RSUU,in cavity,STATE,1198.8,1304.608,105.808
2018-06-08_18C_r4_5e_N1718CA2_A,unknown,head in,POINT,1355.561,1355.561,NA
2018-06-08_18C_r4_5e_N1718CA2_A,unknown,head out,POINT,1861.86,1861.86,NA
2018-06-08_18C_r4_5e_N1718CA2_A,unknown,head out,POINT,2191.894,2191.894,NA
2018-06-08_18C_r4_5e_N1718CA2_A,unknown,stat,STATE,1354.054,1361.963,7.909
2018-06-08_18C_r4_5e_N1718CA2_A,unknown,stat,STATE,2078.082,2080.079,1.997
2018-06-08_18C_r4_5e_N1718CA2_A,unknown,in cavity,STATE,1361.964,1862.965,501.001
2018-06-08_18C_r4_5e_N1718CA2_A,unknown,in cavity,STATE,2080.08,2192.994,112.914
2018-06-08_18C_r4_5e_N1718CA2_B,BUSY,head in,POINT,3495.994,3495.994,NA
2018-06-08_18C_r4_5e_N1718CA2_B,BUSY,head out,POINT,388.389,388.389,NA
2018-06-08_18C_r4_5e_N1718CA2_B,BUSY,head out,POINT,2676.978,2676.978,NA
2018-06-08_18C_r4_5e_N1718CA2_B,BUSY,stat,STATE,466.968,513.014,46.046
2018-06-08_18C_r4_5e_N1718CA2_B,BUSY,stat,STATE,2215.915,2223.522,7.607
2018-06-08_18C_r4_5e_N1718CA2_B,BUSY,stat,STATE,2686.588,2751.65,65.062
2018-06-08_18C_r4_5e_N1718CA2_B,BUSY,stat,STATE,3493.895,3493.898,0.003
2018-06-08_18C_r4_5e_N1718CA2_B,BUSY,preening,STATE,485.389,489.291,3.902
2018-06-08_18C_r4_5e_N1718CA2_B,BUSY,preening,STATE,492.294,495.4,3.106
2018-06-08_18C_r4_5e_N1718CA2_B,BUSY,preening,STATE,499.201,501.304,2.103
2018-06-08_18C_r4_5e_N1718CA2_B,BUSY,preening,STATE,506.108,507.41,1.302
2018-06-08_18C_r4_5e_N1718CA2_B,BUSY,preening,STATE,2734.435,2734.933,0.498
2018-06-08_18C_r4_5e_N1718CA2_B,BUSY,stretch,POINT,469.972,469.972,NA
2018-06-08_18C_r4_5e_N1718CA2_B,BUSY,stretch,POINT,2688.392,2688.392,NA
2018-06-08_18C_r4_5e_N1718CA2_B,BUSY,in cavity,STATE,0,466.968,466.968
2018-06-08_18C_r4_5e_N1718CA2_B,BUSY,in cavity,STATE,2223.726,2685.486,461.76
2018-06-08_18C_r4_5e_N1718CA2_B,BUSY,in cavity,STATE,3496.899,3879.776,382.877
2018-06-08_18C_r4_5e_N1718CA2_B,RSUU,head in,POINT,635.039,635.039,NA
2018-06-08_18C_r4_5e_N1718CA2_B,RSUU,head out,POINT,845.249,845.249,NA
2018-06-08_18C_r4_5e_N1718CA2_B,RSUU,head out,POINT,1143.548,1143.548,NA
2018-06-08_18C_r4_5e_N1718CA2_B,RSUU,head out,POINT,2016.626,2016.626,NA
2018-06-08_18C_r4_5e_N1718CA2_B,RSUU,head out,POINT,3236.036,3236.036,NA
2018-06-08_18C_r4_5e_N1718CA2_B,RSUU,stat,STATE,626.831,636.039,9.208
2018-06-08_18C_r4_5e_N1718CA2_B,RSUU,stat,STATE,857.962,859.16,1.198
2018-06-08_18C_r4_5e_N1718CA2_B,RSUU,stat,STATE,1172.876,1208.713,35.837
2018-06-08_18C_r4_5e_N1718CA2_B,RSUU,stat,STATE,2058.258,2119.218,60.96
2018-06-08_18C_r4_5e_N1718CA2_B,RSUU,stat,STATE,2874.474,2875.575,1.101
2018-06-08_18C_r4_5e_N1718CA2_B,RSUU,stat,STATE,3250.351,3316.214,65.863
2018-06-08_18C_r4_5e_N1718CA2_B,RSUU,preening,STATE,1174.078,1175.378,1.3
2018-06-08_18C_r4_5e_N1718CA2_B,RSUU,preening,STATE,1193.097,1198.902,5.805
2018-06-08_18C_r4_5e_N1718CA2_B,RSUU,preening,STATE,1200.904,1207.608,6.704
2018-06-08_18C_r4_5e_N1718CA2_B,RSUU,preening,STATE,2060.962,2067.868,6.906
2018-06-08_18C_r4_5e_N1718CA2_B,RSUU,preening,STATE,2076.677,2077.877,1.2
2018-06-08_18C_r4_5e_N1718CA2_B,RSUU,preening,STATE,2081.784,2083.082,1.298
2018-06-08_18C_r4_5e_N1718CA2_B,RSUU,preening,STATE,2105.007,2106.311,1.304
2018-06-08_18C_r4_5e_N1718CA2_B,RSUU,preening,STATE,2109.412,2110.912,1.5
2018-06-08_18C_r4_5e_N1718CA2_B,RSUU,preening,STATE,3256.457,3259.257,2.8
2018-06-08_18C_r4_5e_N1718CA2_B,RSUU,preening,STATE,3262.06,3263.162,1.102
2018-06-08_18C_r4_5e_N1718CA2_B,RSUU,preening,STATE,3264.164,3277.177,13.013
2018-06-08_18C_r4_5e_N1718CA2_B,RSUU,preening,STATE,3279.38,3299.6,20.22
2018-06-08_18C_r4_5e_N1718CA2_B,RSUU,drumming,POINT,2117.918,2117.918,NA
2018-06-08_18C_r4_5e_N1718CA2_B,RSUU,in cavity,STATE,636.04,857.459,221.419
2018-06-08_18C_r4_5e_N1718CA2_B,RSUU,in cavity,STATE,859.161,1172.875,313.714
2018-06-08_18C_r4_5e_N1718CA2_B,RSUU,in cavity,STATE,1208.714,2057.859,849.145
2018-06-08_18C_r4_5e_N1718CA2_B,RSUU,in cavity,STATE,2875.576,3249.852,374.276
2018-06-08_18C_r4_5e_N1718CA2_C,BUSY,head in,POINT,1986.289,1986.289,NA
2018-06-08_18C_r4_5e_N1718CA2_C,BUSY,head out,POINT,252.454,252.454,NA
2018-06-08_18C_r4_5e_N1718CA2_C,BUSY,head out,POINT,851.256,851.256,NA
2018-06-08_18C_r4_5e_N1718CA2_C,BUSY,head out,POINT,2443.844,2443.844,NA
2018-06-08_18C_r4_5e_N1718CA2_C,BUSY,stat,STATE,264.168,448.751,184.583
2018-06-08_18C_r4_5e_N1718CA2_C,BUSY,stat,STATE,1985.587,2002.7,17.113
2018-06-08_18C_r4_5e_N1718CA2_C,BUSY,stat,STATE,2460.662,2496.395,35.733
2018-06-08_18C_r4_5e_N1718CA2_C,BUSY,preening,STATE,264.967,266.169,1.202
2018-06-08_18C_r4_5e_N1718CA2_C,BUSY,preening,STATE,276.677,296.001,19.324
2018-06-08_18C_r4_5e_N1718CA2_C,BUSY,calling,POINT,879.783,879.783,NA
2018-06-08_18C_r4_5e_N1718CA2_C,BUSY,in cavity,STATE,0,263.466,263.466
2018-06-08_18C_r4_5e_N1718CA2_C,BUSY,in cavity,STATE,450.253,945.645,495.392
2018-06-08_18C_r4_5e_N1718CA2_C,BUSY,in cavity,STATE,2002.701,2460.661,457.96
2018-06-08_18C_r4_5e_N1718CA2_C,RSUU,head out,POINT,1621.724,1621.724,NA
2018-06-08_18C_r4_5e_N1718CA2_C,RSUU,head out,POINT,3076.383,3076.383,NA
2018-06-08_18C_r4_5e_N1718CA2_C,RSUU,head out,POINT,3354.752,3354.752,NA
2018-06-08_18C_r4_5e_N1718CA2_C,RSUU,stat,STATE,1203.309,1204.104,0.795
2018-06-08_18C_r4_5e_N1718CA2_C,RSUU,stat,STATE,1646.572,1706.906,60.334
2018-06-08_18C_r4_5e_N1718CA2_C,RSUU,stat,STATE,1952.251,1953.252,1.001
2018-06-08_18C_r4_5e_N1718CA2_C,RSUU,stat,STATE,2726.126,2727.027,0.901
2018-06-08_18C_r4_5e_N1718CA2_C,RSUU,stat,STATE,3157.058,3158.057,0.999
2018-06-08_18C_r4_5e_N1718CA2_C,RSUU,stat,STATE,3665.163,3665.962,0.799
2018-06-08_18C_r4_5e_N1718CA2_C,RSUU,preening,STATE,1659.862,1663.465,3.603
2018-06-08_18C_r4_5e_N1718CA2_C,RSUU,preening,STATE,1669.572,1670.574,1.002
2018-06-08_18C_r4_5e_N1718CA2_C,RSUU,preening,STATE,1673.476,1686.49,13.014
2018-06-08_18C_r4_5e_N1718CA2_C,RSUU,stretch,POINT,1648.553,1648.553,NA
2018-06-08_18C_r4_5e_N1718CA2_C,RSUU,in cavity,STATE,1204.105,1646.571,442.466
2018-06-08_18C_r4_5e_N1718CA2_C,RSUU,in cavity,STATE,1953.457,1989.488,36.031
2018-06-08_18C_r4_5e_N1718CA2_C,RSUU,in cavity,STATE,2727.028,3156.555,429.527
2018-06-08_18C_r4_5e_N1718CA2_C,RSUU,in cavity,STATE,3158.058,3478.181,320.123
2018-06-08_18C_r4_5e_N1718CA2_C,RSUU,in cavity,STATE,3665.963,3877.273,211.31
2018-06-08_18C_r4_5e_N1718CA2_D,BUSY,head in,POINT,1449.852,1449.852,NA
2018-06-08_18C_r4_5e_N1718CA2_D,BUSY,head out,POINT,1944.247,1944.247,NA
2018-06-08_18C_r4_5e_N1718CA2_D,BUSY,stat,STATE,1448.349,1452.853,4.504
2018-06-08_18C_r4_5e_N1718CA2_D,BUSY,stat,STATE,1955.756,1999.798,44.042
2018-06-08_18C_r4_5e_N1718CA2_D,BUSY,stat,STATE,2381.683,2385.784,4.101
2018-06-08_18C_r4_5e_N1718CA2_D,BUSY,preening,STATE,1962.867,1964.164,1.297
2018-06-08_18C_r4_5e_N1718CA2_D,BUSY,in cavity,STATE,1452.954,1955.054,502.1
2018-06-08_18C_r4_5e_N1718CA2_D,BUSY,in cavity,STATE,2385.785,2587.985,202.2
2018-06-08_18C_r4_5e_N1718CA2_D,RSUU,head out,POINT,358.462,358.462,NA
2018-06-08_18C_r4_5e_N1718CA2_D,RSUU,head out,POINT,1052.756,1052.756,NA
2018-06-08_18C_r4_5e_N1718CA2_D,RSUU,stat,STATE,369.974,510.711,140.737
2018-06-08_18C_r4_5e_N1718CA2_D,RSUU,preening,STATE,376.382,378.68,2.298
2018-06-08_18C_r4_5e_N1718CA2_D,RSUU,preening,STATE,380.486,384.886,4.4
2018-06-08_18C_r4_5e_N1718CA2_D,RSUU,preening,STATE,389.391,390.393,1.002
2018-06-08_18C_r4_5e_N1718CA2_D,RSUU,preening,STATE,397.702,401.005,3.303
2018-06-08_18C_r4_5e_N1718CA2_D,RSUU,preening,STATE,404.509,405.109,0.6
2018-06-08_18C_r4_5e_N1718CA2_D,RSUU,preening,STATE,417.62,429.832,12.212
2018-06-08_18C_r4_5e_N1718CA2_D,RSUU,preening,STATE,431.733,437.138,5.405
2018-06-08_18C_r4_5e_N1718CA2_D,RSUU,preening,STATE,440.647,443.646,2.999
2018-06-08_18C_r4_5e_N1718CA2_D,RSUU,preening,STATE,444.85,448.951,4.101
2018-06-08_18C_r4_5e_N1718CA2_D,RSUU,preening,STATE,451.454,455.357,3.903
2018-06-08_18C_r4_5e_N1718CA2_D,RSUU,preening,STATE,461.065,463.865,2.8
2018-06-08_18C_r4_5e_N1718CA2_D,RSUU,preening,STATE,473.077,479.985,6.908
2018-06-08_18C_r4_5e_N1718CA2_D,RSUU,stretch,POINT,371.274,371.274,NA
2018-06-08_18C_r4_5e_N1718CA2_D,RSUU,in cavity,STATE,0,369.974,369.974
2018-06-08_18C_r4_5e_N1718CA2_D,RSUU,in cavity,STATE,547.25,1223.225,675.975
2018-06-13_5ACross_4e_A,OSOP,head in,POINT,1643.093,1643.093,NA
2018-06-13_5ACross_4e_A,OSOP,head in,POINT,1647.702,1647.702,NA
2018-06-13_5ACross_4e_A,OSOP,head in,POINT,1649.001,1649.001,NA
2018-06-13_5ACross_4e_A,OSOP,head out,POINT,2501.751,2501.751,NA
2018-06-13_5ACross_4e_A,OSOP,head out,POINT,2793.245,2793.245,NA
2018-06-13_5ACross_4e_A,OSOP,head out,POINT,3138.49,3138.49,NA
2018-06-13_5ACross_4e_A,OSOP,head out,POINT,3571.923,3571.923,NA
2018-06-13_5ACross_4e_A,OSOP,stat,STATE,1635.388,1656.41,21.022
2018-06-13_5ACross_4e_A,OSOP,stat,STATE,3224.576,3277.026,52.45
2018-06-13_5ACross_4e_A,OSOP,eating,POINT,3228.826,3228.826,NA
2018-06-13_5ACross_4e_A,OSOP,in cavity,STATE,1656.411,3221.469,1565.058
2018-06-13_5ACross_4e_A,OSOP,in cavity,STATE,3277.027,3720.472,443.445
2018-06-13_5ACross_4e_A,WOWS,head in,POINT,568.721,568.721,NA
2018-06-13_5ACross_4e_A,WOWS,head in,POINT,1057.31,1057.31,NA
2018-06-13_5ACross_4e_A,WOWS,head out,POINT,442.396,442.396,NA
2018-06-13_5ACross_4e_A,WOWS,head out,POINT,1274.926,1274.926,NA
2018-06-13_5ACross_4e_A,WOWS,stat,STATE,12.214,13.713,1.499
2018-06-13_5ACross_4e_A,WOWS,stat,STATE,493.547,615.116,121.569
2018-06-13_5ACross_4e_A,WOWS,stat,STATE,1057.007,1059.108,2.101
2018-06-13_5ACross_4e_A,WOWS,stat,STATE,1301.554,1324.075,22.521
2018-06-13_5ACross_4e_A,WOWS,preening,STATE,497.051,498.854,1.803
2018-06-13_5ACross_4e_A,WOWS,preening,STATE,503.557,505.057,1.5
2018-06-13_5ACross_4e_A,WOWS,preening,STATE,509.662,511.964,2.302
2018-06-13_5ACross_4e_A,WOWS,preening,STATE,543.597,544.599,1.002
2018-06-13_5ACross_4e_A,WOWS,preening,STATE,546.901,548.2,1.299
2018-06-13_5ACross_4e_A,WOWS,preening,STATE,1314.867,1317.669,2.802
2018-06-13_5ACross_4e_A,WOWS,in cavity,STATE,13.714,493.546,479.832
2018-06-13_5ACross_4e_A,WOWS,in cavity,STATE,1059.109,1301.553,242.444
2018-06-13_5ACross_4e_B,OSOP,head in,POINT,337.038,337.038,NA
2018-06-13_5ACross_4e_B,OSOP,head out,POINT,877.679,877.679,NA
2018-06-13_5ACross_4e_B,OSOP,head out,POINT,1250.152,1250.152,NA
2018-06-13_5ACross_4e_B,OSOP,head out,POINT,2650.251,2650.251,NA
2018-06-13_5ACross_4e_B,OSOP,head out,POINT,2978.979,2978.979,NA
2018-06-13_5ACross_4e_B,OSOP,stat,STATE,335.238,342.547,7.309
2018-06-13_5ACross_4e_B,OSOP,stat,STATE,1056.657,1066.765,10.108
2018-06-13_5ACross_4e_B,OSOP,stat,STATE,1988.788,1995.693,6.905
2018-06-13_5ACross_4e_B,OSOP,stat,STATE,3255.257,3272.271,17.014
2018-06-13_5ACross_4e_B,OSOP,drumming,POINT,3266.065,3266.065,NA
2018-06-13_5ACross_4e_B,OSOP,in cavity,STATE,342.548,1056.158,713.61
2018-06-13_5ACross_4e_B,OSOP,in cavity,STATE,1066.766,1337.036,270.27
2018-06-13_5ACross_4e_B,OSOP,in cavity,STATE,1995.694,3074.173,1078.479
2018-06-13_5ACross_4e_B,WOWS,head in,POINT,3287.787,3287.787,NA
2018-06-13_5ACross_4e_B,WOWS,stat,STATE,3285.083,3294.395,9.312
2018-06-13_5ACross_4e_B,WOWS,in cavity,STATE,3294.396,3393.79,99.394
2018-07-02_NB5B6_A,SUBR,head in,POINT,1416.619,1416.619,NA
2018-07-02_NB5B6_A,SUBR,head out,POINT,1724.827,1724.827,NA
2018-07-02_NB5B6_A,SUBR,head out,POINT,3401.004,3401.004,NA
2018-07-02_NB5B6_A,SUBR,stat,STATE,1410.211,1417.622,7.411
2018-07-02_NB5B6_A,SUBR,stat,STATE,1760.363,1921.22,160.857
2018-07-02_NB5B6_A,SUBR,stat,STATE,2763.663,2765.966,2.303
2018-07-02_NB5B6_A,SUBR,preening,STATE,1766.268,1777.979,11.711
2018-07-02_NB5B6_A,SUBR,preening,STATE,1782.085,1783.786,1.701
2018-07-02_NB5B6_A,SUBR,preening,STATE,1791.194,1805.907,14.713
2018-07-02_NB5B6_A,SUBR,preening,STATE,1809.412,1824.323,14.911
2018-07-02_NB5B6_A,SUBR,preening,STATE,1825.328,1829.93,4.602
2018-07-02_NB5B6_A,SUBR,preening,STATE,1832.531,1834.842,2.311
2018-07-02_NB5B6_A,SUBR,preening,STATE,1838.44,1842.746,4.306
2018-07-02_NB5B6_A,SUBR,preening,STATE,1844.344,1847.651,3.307
2018-07-02_NB5B6_A,SUBR,preening,STATE,1850.452,1858.062,7.61
2018-07-02_NB5B6_A,SUBR,preening,STATE,1861.264,1863.567,2.303
2018-07-02_NB5B6_A,SUBR,preening,STATE,1867.169,1875.576,8.407
2018-07-02_NB5B6_A,SUBR,preening,STATE,1878.38,1882.487,4.107
2018-07-02_NB5B6_A,SUBR,preening,STATE,1884.483,1889.392,4.909
2018-07-02_NB5B6_A,SUBR,preening,STATE,1893.497,1909.411,15.914
2018-07-02_NB5B6_A,SUBR,stretch,POINT,1760.661,1760.661,NA
2018-07-02_NB5B6_A,SUBR,cleaning nest,POINT,3409.607,3409.607,NA
2018-07-02_NB5B6_A,SUBR,in cavity,STATE,0,415.316,415.316
2018-07-02_NB5B6_A,SUBR,in cavity,STATE,1417.623,1759.963,342.34
2018-07-02_NB5B6_A,SUBR,in cavity,STATE,2765.967,3412.013,646.046
2018-07-02_NB5B6_A,unknown,head in,POINT,3456.157,3456.157,NA
2018-07-02_NB5B6_A,unknown,head out,POINT,3564.064,3564.064,NA
2018-07-02_NB5B6_A,unknown,stat,STATE,2025.626,2026.627,1.001
2018-07-02_NB5B6_A,unknown,stat,STATE,3453.855,3456.857,3.002
2018-07-02_NB5B6_A,unknown,cleaning nest,POINT,3569.867,3569.867,NA
2018-07-02_NB5B6_A,unknown,in cavity,STATE,2026.628,2099.398,72.77
2018-07-02_NB5B6_A,unknown,in cavity,STATE,3456.858,3575.376,118.518
2018-07-02_NB5B6_A,SUBR_mate,head in,POINT,226.427,226.427,NA
2018-07-02_NB5B6_A,SUBR_mate,head in,POINT,527.636,527.636,NA
2018-07-02_NB5B6_A,SUBR_mate,head out,POINT,1315.919,1315.919,NA
2018-07-02_NB5B6_A,SUBR_mate,head out,POINT,2427.53,2427.53,NA
2018-07-02_NB5B6_A,SUBR_mate,stat,STATE,225.427,250.654,25.227
2018-07-02_NB5B6_A,SUBR_mate,stat,STATE,526.63,528.431,1.801
2018-07-02_NB5B6_A,SUBR_mate,stat,STATE,1323.927,1342.142,18.215
2018-07-02_NB5B6_A,SUBR_mate,stat,STATE,1958.957,1961.363,2.406
2018-07-02_NB5B6_A,SUBR_mate,stat,STATE,2202.504,2203.505,1.001
2018-07-02_NB5B6_A,SUBR_mate,stat,STATE,2260.061,2309.91,49.849
2018-07-02_NB5B6_A,SUBR_mate,stat,STATE,2433.635,2541.545,107.91
2018-07-02_NB5B6_A,SUBR_mate,stat,STATE,3725.726,3726.623,0.897
2018-07-02_NB5B6_A,SUBR_mate,stat,STATE,3825.626,3861.963,36.337
2018-07-02_NB5B6_A,SUBR_mate,preening,STATE,1328.829,1332.432,3.603
2018-07-02_NB5B6_A,SUBR_mate,preening,STATE,1333.935,1338.842,4.907
2018-07-02_NB5B6_A,SUBR_mate,preening,STATE,2261.563,2272.874,11.311
2018-07-02_NB5B6_A,SUBR_mate,preening,STATE,2274.779,2285.284,10.505
2018-07-02_NB5B6_A,SUBR_mate,preening,STATE,2434.334,2435.836,1.502
2018-07-02_NB5B6_A,SUBR_mate,preening,STATE,2438.14,2448.147,10.007
2018-07-02_NB5B6_A,SUBR_mate,preening,STATE,2452.855,2461.562,8.707
2018-07-02_NB5B6_A,SUBR_mate,preening,STATE,2463.164,2477.579,14.415
2018-07-02_NB5B6_A,SUBR_mate,preening,STATE,2479.478,2483.783,4.305
2018-07-02_NB5B6_A,SUBR_mate,preening,STATE,2487.188,2488.19,1.002
2018-07-02_NB5B6_A,SUBR_mate,preening,STATE,2495.395,2496.599,1.204
2018-07-02_NB5B6_A,SUBR_mate,preening,STATE,2499.701,2503.302,3.601
2018-07-02_NB5B6_A,SUBR_mate,preening,STATE,2504.804,2507.407,2.603
2018-07-02_NB5B6_A,SUBR_mate,preening,STATE,3828.728,3840.538,11.81
2018-07-02_NB5B6_A,SUBR_mate,preening,STATE,3842.444,3846.246,3.802
2018-07-02_NB5B6_A,SUBR_mate,preening,STATE,3850.251,3856.656,6.405
2018-07-02_NB5B6_A,SUBR_mate,preening,STATE,3858.656,3861.962,3.306
2018-07-02_NB5B6_A,SUBR_mate,stretch,POINT,1324.324,1324.324,NA
2018-07-02_NB5B6_A,SUBR_mate,in cavity,STATE,528.432,1323.83,795.398
2018-07-02_NB5B6_A,SUBR_mate,in cavity,STATE,1961.364,1991.785,30.421
2018-07-02_NB5B6_A,SUBR_mate,in cavity,STATE,2203.506,2259.362,55.856
2018-07-02_NB5B6_A,SUBR_mate,in cavity,STATE,2309.911,2433.634,123.723
2018-07-02_NB5B6_A,SUBR_mate,in cavity,STATE,3726.624,3825.227,98.603
2018-07-02_NB5B6_B,SUBR,head in,POINT,3140.339,3140.339,NA
2018-07-02_NB5B6_B,SUBR,head out,POINT,548.853,548.853,NA
2018-07-02_NB5B6_B,SUBR,head out,POINT,914.816,914.816,NA
2018-07-02_NB5B6_B,SUBR,head out,POINT,2914.313,2914.313,NA
2018-07-02_NB5B6_B,SUBR,head out,POINT,3402.401,3402.401,NA
2018-07-02_NB5B6_B,SUBR,stat,STATE,419.624,426.228,6.604
2018-07-02_NB5B6_B,SUBR,stat,STATE,928.531,977.378,48.847
2018-07-02_NB5B6_B,SUBR,stat,STATE,2839.541,2844.743,5.202
2018-07-02_NB5B6_B,SUBR,stat,STATE,2920.118,2921.922,1.804
2018-07-02_NB5B6_B,SUBR,stat,STATE,3126.827,3141.14,14.313
2018-07-02_NB5B6_B,SUBR,stat,STATE,3446.347,3612.712,166.365
2018-07-02_NB5B6_B,SUBR,preening,STATE,929.832,931.134,1.302
2018-07-02_NB5B6_B,SUBR,preening,STATE,945.445,955.466,10.021
2018-07-02_NB5B6_B,SUBR,preening,STATE,964.067,965.166,1.099
2018-07-02_NB5B6_B,SUBR,preening,STATE,973.075,974.378,1.303
2018-07-02_NB5B6_B,SUBR,preening,STATE,3450.351,3451.351,1
2018-07-02_NB5B6_B,SUBR,preening,STATE,3454.453,3457.257,2.804
2018-07-02_NB5B6_B,SUBR,preening,STATE,3466.369,3467.866,1.497
2018-07-02_NB5B6_B,SUBR,preening,STATE,3468.666,3473.574,4.908
2018-07-02_NB5B6_B,SUBR,preening,STATE,3475.076,3476.076,1
2018-07-02_NB5B6_B,SUBR,preening,STATE,3479.18,3482.985,3.805
2018-07-02_NB5B6_B,SUBR,preening,STATE,3485.286,3490.49,5.204
2018-07-02_NB5B6_B,SUBR,preening,STATE,3492.693,3494.693,2
2018-07-02_NB5B6_B,SUBR,preening,STATE,3498.3,3499.302,1.002
2018-07-02_NB5B6_B,SUBR,preening,STATE,3502.103,3502.903,0.8
2018-07-02_NB5B6_B,SUBR,preening,STATE,3505.006,3511.611,6.605
2018-07-02_NB5B6_B,SUBR,preening,STATE,3514.415,3528.028,13.613
2018-07-02_NB5B6_B,SUBR,preening,STATE,3530.129,3535.035,4.906
2018-07-02_NB5B6_B,SUBR,preening,STATE,3540.14,3549.348,9.208
2018-07-02_NB5B6_B,SUBR,preening,STATE,3551.35,3568.369,17.019
2018-07-02_NB5B6_B,SUBR,preening,STATE,3584.986,3588.688,3.702
2018-07-02_NB5B6_B,SUBR,preening,STATE,3589.991,3591.294,1.303
2018-07-02_NB5B6_B,SUBR,stretch,POINT,3571.171,3571.171,NA
2018-07-02_NB5B6_B,SUBR,cleaning nest,POINT,2919.318,2919.318,NA
2018-07-02_NB5B6_B,SUBR,in cavity,STATE,426.229,927.93,501.701
2018-07-02_NB5B6_B,SUBR,in cavity,STATE,2844.744,2919.718,74.974
2018-07-02_NB5B6_B,SUBR,in cavity,STATE,3141.141,3445.944,304.803
2018-07-02_NB5B6_B,SUBR_mate,head in,POINT,189.993,189.993,NA
2018-07-02_NB5B6_B,SUBR_mate,head in,POINT,201.706,201.706,NA
2018-07-02_NB5B6_B,SUBR_mate,head out,POINT,293.597,293.597,NA
2018-07-02_NB5B6_B,SUBR_mate,head out,POINT,2283.185,2283.185,NA
2018-07-02_NB5B6_B,SUBR_mate,head out,POINT,2686.488,2686.488,NA
2018-07-02_NB5B6_B,SUBR_mate,stat,STATE,187.493,203.006,15.513
2018-07-02_NB5B6_B,SUBR_mate,stat,STATE,296.3,359.462,63.162
2018-07-02_NB5B6_B,SUBR_mate,stat,STATE,984.288,985.087,0.799
2018-07-02_NB5B6_B,SUBR_mate,stat,STATE,1175.279,1188.196,12.917
2018-07-02_NB5B6_B,SUBR_mate,stat,STATE,1914.414,1915.217,0.803
2018-07-02_NB5B6_B,SUBR_mate,stat,STATE,2288.589,2313.113,24.524
2018-07-02_NB5B6_B,SUBR_mate,stat,STATE,2568.87,2570.171,1.301
2018-07-02_NB5B6_B,SUBR_mate,stat,STATE,2695.995,2716.915,20.92
2018-07-02_NB5B6_B,SUBR_mate,stat,STATE,3616.814,3624.823,8.009
2018-07-02_NB5B6_B,SUBR_mate,preening,STATE,2712.411,2713.515,1.104
2018-07-02_NB5B6_B,SUBR_mate,stretch,POINT,1176.28,1176.28,NA
2018-07-02_NB5B6_B,SUBR_mate,in cavity,STATE,203.007,295.899,92.892
2018-07-02_NB5B6_B,SUBR_mate,in cavity,STATE,985.088,1174.875,189.787
2018-07-02_NB5B6_B,SUBR_mate,in cavity,STATE,1915.218,2288.086,372.868
2018-07-02_NB5B6_B,SUBR_mate,in cavity,STATE,2570.172,2695.494,125.322
2018-07-02_NB5B6_B,SUBR_mate,in cavity,STATE,3624.824,3871.267,246.443
2018-07-02_NB5B6_C,SUBR,head in,POINT,745.749,745.749,NA
2018-07-02_NB5B6_C,SUBR,head out,POINT,1009.01,1009.01,NA
2018-07-02_NB5B6_C,SUBR,head out,POINT,1514.416,1514.416,NA
2018-07-02_NB5B6_C,SUBR,stat,STATE,729.434,730.932,1.498
2018-07-02_NB5B6_C,SUBR,stat,STATE,1243.746,1248.549,4.803
2018-07-02_NB5B6_C,SUBR,stat,STATE,1522.021,1526.926,4.905
2018-07-02_NB5B6_C,SUBR,eating,POINT,730.933,730.933,NA
2018-07-02_NB5B6_C,SUBR,in cavity,STATE,771.673,1070.773,299.1
2018-07-02_NB5B6_C,SUBR,in cavity,STATE,1248.55,1521.922,273.372
2018-07-02_NB5B6_C,SUBR_mate,head in,POINT,1530.434,1530.434,NA
2018-07-02_NB5B6_C,SUBR_mate,head in,POINT,2199.599,2199.599,NA
2018-07-02_NB5B6_C,SUBR_mate,head in,POINT,3558.056,3558.056,NA
2018-07-02_NB5B6_C,SUBR_mate,head out,POINT,119.822,119.822,NA
2018-07-02_NB5B6_C,SUBR_mate,head out,POINT,599.099,599.099,NA
2018-07-02_NB5B6_C,SUBR_mate,head out,POINT,1695.099,1695.099,NA
2018-07-02_NB5B6_C,SUBR_mate,head out,POINT,2006.706,2006.706,NA
2018-07-02_NB5B6_C,SUBR_mate,head out,POINT,2265.867,2265.867,NA
2018-07-02_NB5B6_C,SUBR_mate,head out,POINT,2682.083,2682.083,NA
2018-07-02_NB5B6_C,SUBR_mate,head out,POINT,3152.352,3152.352,NA
2018-07-02_NB5B6_C,SUBR_mate,stat,STATE,127.032,132.333,5.301
2018-07-02_NB5B6_C,SUBR_mate,stat,STATE,501.602,502.103,0.501
2018-07-02_NB5B6_C,SUBR_mate,stat,STATE,605.409,668.871,63.462
2018-07-02_NB5B6_C,SUBR_mate,stat,STATE,1520.62,1537.838,17.218
2018-07-02_NB5B6_C,SUBR_mate,stat,STATE,1705.709,1870.4,164.691
2018-07-02_NB5B6_C,SUBR_mate,stat,STATE,2010.212,2198.898,188.686
2018-07-02_NB5B6_C,SUBR_mate,stat,STATE,2434.734,2518.416,83.682
2018-07-02_NB5B6_C,SUBR_mate,stat,STATE,2693.396,3008.106,314.71
2018-07-02_NB5B6_C,SUBR_mate,stat,STATE,3167.969,3187.686,19.717
2018-07-02_NB5B6_C,SUBR_mate,stat,STATE,3557.256,3559.757,2.501
2018-07-02_NB5B6_C,SUBR_mate,preening,STATE,127.529,128.232,0.703
2018-07-02_NB5B6_C,SUBR_mate,preening,STATE,1710.812,1713.114,2.302
2018-07-02_NB5B6_C,SUBR_mate,preening,STATE,1714.915,1734.034,19.119
2018-07-02_NB5B6_C,SUBR_mate,preening,STATE,1735.638,1770.971,35.333
2018-07-02_NB5B6_C,SUBR_mate,preening,STATE,1774.876,1787.988,13.112
2018-07-02_NB5B6_C,SUBR_mate,preening,STATE,1790.293,1804.304,14.011
2018-07-02_NB5B6_C,SUBR_mate,preening,STATE,1806.207,1820.624,14.417
2018-07-02_NB5B6_C,SUBR_mate,preening,STATE,1823.226,1853.255,30.029
2018-07-02_NB5B6_C,SUBR_mate,preening,STATE,1855.155,1859.762,4.607
2018-07-02_NB5B6_C,SUBR_mate,preening,STATE,1864.564,1869.972,5.408
2018-07-02_NB5B6_C,SUBR_mate,preening,STATE,2020.924,2035.74,14.816
2018-07-02_NB5B6_C,SUBR_mate,preening,STATE,2043.344,2053.356,10.012
2018-07-02_NB5B6_C,SUBR_mate,preening,STATE,2055.855,2082.186,26.331
2018-07-02_NB5B6_C,SUBR_mate,preening,STATE,2087.389,2096.299,8.91
2018-07-02_NB5B6_C,SUBR_mate,preening,STATE,2098.1,2105.006,6.906
2018-07-02_NB5B6_C,SUBR_mate,preening,STATE,2106.608,2108.914,2.306
2018-07-02_NB5B6_C,SUBR_mate,preening,STATE,2110.111,2115.518,5.407
2018-07-02_NB5B6_C,SUBR_mate,preening,STATE,2140.038,2149.25,9.212
2018-07-02_NB5B6_C,SUBR_mate,preening,STATE,2154.354,2168.171,13.817
2018-07-02_NB5B6_C,SUBR_mate,preening,STATE,2169.872,2192.994,23.122
2018-07-02_NB5B6_C,SUBR_mate,preening,STATE,2445.245,2453.153,7.908
2018-07-02_NB5B6_C,SUBR_mate,preening,STATE,2457.761,2474.574,16.813
2018-07-02_NB5B6_C,SUBR_mate,preening,STATE,2476.578,2481.479,4.901
2018-07-02_NB5B6_C,SUBR_mate,preening,STATE,2483.285,2514.718,31.433
2018-07-02_NB5B6_C,SUBR_mate,preening,STATE,2698.397,2721.523,23.126
2018-07-02_NB5B6_C,SUBR_mate,preening,STATE,2735.435,2748.648,13.213
2018-07-02_NB5B6_C,SUBR_mate,preening,STATE,2750.95,2779.677,28.727
2018-07-02_NB5B6_C,SUBR_mate,preening,STATE,2782.182,2832.934,50.752
2018-07-02_NB5B6_C,SUBR_mate,preening,STATE,2836.537,2848.748,12.211
2018-07-02_NB5B6_C,SUBR_mate,preening,STATE,2855.456,2874.074,18.618
2018-07-02_NB5B6_C,SUBR_mate,preening,STATE,2889.09,2897.598,8.508
2018-07-02_NB5B6_C,SUBR_mate,preening,STATE,2902.402,2908.31,5.908
2018-07-02_NB5B6_C,SUBR_mate,preening,STATE,2924.126,2939.037,14.911
2018-07-02_NB5B6_C,SUBR_mate,preening,STATE,2944.449,2945.949,1.5
2018-07-02_NB5B6_C,SUBR_mate,preening,STATE,2949.549,2956.456,6.907
2018-07-02_NB5B6_C,SUBR_mate,preening,STATE,2961.76,2967.466,5.706
2018-07-02_NB5B6_C,SUBR_mate,preening,STATE,2969.17,2978.98,9.81
2018-07-02_NB5B6_C,SUBR_mate,preening,STATE,2998.701,3007.609,8.908
2018-07-02_NB5B6_C,SUBR_mate,preening,STATE,3174.673,3177.98,3.307
2018-07-02_NB5B6_C,SUBR_mate,preening,STATE,3182.084,3184.884,2.8
2018-07-02_NB5B6_C,SUBR_mate,stretch,POINT,2011.11,2011.11,NA
2018-07-02_NB5B6_C,SUBR_mate,stretch,POINT,2437.538,2437.538,NA
2018-07-02_NB5B6_C,SUBR_mate,stretch,POINT,2694.895,2694.895,NA
2018-07-02_NB5B6_C,SUBR_mate,stretch,POINT,2724.525,2724.525,NA
2018-07-02_NB5B6_C,SUBR_mate,stretch,POINT,3170.071,3170.071,NA
2018-07-02_NB5B6_C,SUBR_mate,excavating,STATE,2119.625,2125.227,5.602
2018-07-02_NB5B6_C,SUBR_mate,excavating,STATE,2875.374,2880.381,5.007
2018-07-02_NB5B6_C,SUBR_mate,in cavity,STATE,0,126.229,126.229
2018-07-02_NB5B6_C,SUBR_mate,in cavity,STATE,502.104,605.007,102.903
2018-07-02_NB5B6_C,SUBR_mate,in cavity,STATE,1537.839,1705.11,167.271
2018-07-02_NB5B6_C,SUBR_mate,in cavity,STATE,1870.473,2010.016,139.543
2018-07-02_NB5B6_C,SUBR_mate,in cavity,STATE,2200.904,2434.435,233.531
2018-07-02_NB5B6_C,SUBR_mate,in cavity,STATE,2518.819,2692.592,173.773
2018-07-02_NB5B6_C,SUBR_mate,in cavity,STATE,3008.91,3167.467,158.557
2018-07-02_NB5B6_C,SUBR_mate,in cavity,STATE,3559.758,3865.261,305.503
2018-07-02_NB5B6_D,SUBR,head in,POINT,317.018,317.018,NA
2018-07-02_NB5B6_D,SUBR,head in,POINT,2010.21,2010.21,NA
2018-07-02_NB5B6_D,SUBR,head out,POINT,692.394,692.394,NA
2018-07-02_NB5B6_D,SUBR,head out,POINT,2320.02,2320.02,NA
2018-07-02_NB5B6_D,SUBR,stat,STATE,315.218,318.62,3.402
2018-07-02_NB5B6_D,SUBR,stat,STATE,746.548,753.455,6.907
2018-07-02_NB5B6_D,SUBR,stat,STATE,2009.209,2031.232,22.023
2018-07-02_NB5B6_D,SUBR,stat,STATE,2372.073,2398.098,26.025
2018-07-02_NB5B6_D,SUBR,preening,STATE,2373.773,2377.176,3.403
2018-07-02_NB5B6_D,SUBR,in cavity,STATE,318.621,746.547,427.926
2018-07-02_NB5B6_D,SUBR,in cavity,STATE,2031.233,2372.072,340.839
2018-07-02_NB5B6_D,SUBR_mate,head in,POINT,2654.654,2654.654,NA
2018-07-02_NB5B6_D,SUBR_mate,head out,POINT,79.184,79.184,NA
2018-07-02_NB5B6_D,SUBR_mate,head out,POINT,1584.387,1584.387,NA
2018-07-02_NB5B6_D,SUBR_mate,head out,POINT,2514.214,2514.214,NA
2018-07-02_NB5B6_D,SUBR_mate,stat,STATE,96.403,110.211,13.808
2018-07-02_NB5B6_D,SUBR_mate,stat,STATE,1000.403,1001.901,1.498
2018-07-02_NB5B6_D,SUBR_mate,stat,STATE,1227.028,1345.244,118.216
2018-07-02_NB5B6_D,SUBR_mate,stat,STATE,1418.421,1431.431,13.01
2018-07-02_NB5B6_D,SUBR_mate,stat,STATE,1594.697,1705.108,110.411
2018-07-02_NB5B6_D,SUBR_mate,stat,STATE,2431.93,2432.731,0.801
2018-07-02_NB5B6_D,SUBR_mate,stat,STATE,2515.717,2725.122,209.405
2018-07-02_NB5B6_D,SUBR_mate,preening,STATE,105.611,107.812,2.201
2018-07-02_NB5B6_D,SUBR_mate,preening,STATE,1236.637,1246.349,9.712
2018-07-02_NB5B6_D,SUBR_mate,preening,STATE,1251.354,1253.256,1.902
2018-07-02_NB5B6_D,SUBR_mate,preening,STATE,1255.359,1257.259,1.9
2018-07-02_NB5B6_D,SUBR_mate,preening,STATE,1260.761,1292.698,31.937
2018-07-02_NB5B6_D,SUBR_mate,preening,STATE,1295.098,1297.599,2.501
2018-07-02_NB5B6_D,SUBR_mate,preening,STATE,1301.204,1315.919,14.715
2018-07-02_NB5B6_D,SUBR_mate,preening,STATE,1322.327,1323.124,0.797
2018-07-02_NB5B6_D,SUBR_mate,preening,STATE,1335.235,1339.84,4.605
2018-07-02_NB5B6_D,SUBR_mate,preening,STATE,1598.398,1602.004,3.606
2018-07-02_NB5B6_D,SUBR_mate,preening,STATE,1608.009,1617.418,9.409
2018-07-02_NB5B6_D,SUBR_mate,preening,STATE,1625.131,1639.039,13.908
2018-07-02_NB5B6_D,SUBR_mate,preening,STATE,1660.762,1666.365,5.603
2018-07-02_NB5B6_D,SUBR_mate,preening,STATE,1670.169,1678.078,7.909
2018-07-02_NB5B6_D,SUBR_mate,preening,STATE,1683.382,1684.687,1.305
2018-07-02_NB5B6_D,SUBR_mate,preening,STATE,2520.919,2567.565,46.646
2018-07-02_NB5B6_D,SUBR_mate,preening,STATE,2571.369,2620.42,49.051
2018-07-02_NB5B6_D,SUBR_mate,preening,STATE,2624.023,2653.855,29.832
2018-07-02_NB5B6_D,SUBR_mate,preening,STATE,2657.959,2725.122,67.163
2018-07-02_NB5B6_D,SUBR_mate,in cavity,STATE,0,96.402,96.402
2018-07-02_NB5B6_D,SUBR_mate,in cavity,STATE,1001.902,1227.027,225.125
2018-07-02_NB5B6_D,SUBR_mate,in cavity,STATE,1431.432,1594.696,163.264
2018-07-02_NB5B6_D,SUBR_mate,in cavity,STATE,2432.732,2515.716,82.984