"","Jdayyr","Video_number","vID","Observation.id","Sample","Observation_id","Sex","Nest_ID","Brood_ID","Month","Julian_date","Year","TA","Habitat","First_egg_Julian","Hatch_Julian","Fledge_Julian","Exact_age_chick","Peeped_chick_count","Max_number_eggs","Max_number_chicks","Proportion_hatched","Chicks_fledged","Proportion_fledged","Nest_fate","Nest_fate_certainty","Oldest_nestling","Number_chick_mortalities","Percent_chick_mortalities","Chicks_visible.","With_bpk.","Start_time","Early_or_late","Nearest_neighbor","Distance_nearest_neighbor_m","Length_usable","Subject","feeding","cleaning","Length_total","brooding_sec","Std_jdate","brooding_min","Usable_video","TMAX"
"1","157.2018",120,"120.POPS","2018-06-06_18C_r5_2c_Timber_A","2018-06-06_18C_r5_2c_Timber_A.POPS","2018-06-06_18C_r5_2c_Timber.A","male","18C Timber","Timber_brd1","June",157,2018,"18C","CC",NA,156,183,1,2,6,2,0.3333333333,2,1,"Fledge","Uncertain",27,0,0,0,0,845,"early","PNB 18CB",291.4,61,"POPS",6,5,226,2761.504,-2.08459489464455,46.0250666666667,226,23.9
"2","157.2018",120,"120.WSPR","2018-06-06_18C_r5_2c_Timber_A","2018-06-06_18C_r5_2c_Timber_A.WSPR","2018-06-06_18C_r5_2c_Timber.A","female","18C Timber","Timber_brd1","June",157,2018,"18C","CC",NA,156,183,1,2,6,2,0.3333333333,2,1,"Fledge","Uncertain",27,0,0,0,0,845,"early","PNB 18CB",291.4,61,"WSPR",16,1,226,5093.95,-2.08459489464455,84.8991666666667,226,23.9
"3","158.2018",121,"121.ROSO","2018-06-07_18C_r5_Tonto_A","2018-06-07_18C_r5_Tonto_A.ROSO","2018-06-07_18C_r5_Tonto.A","male","PNB 18CB","Tonto18_brd1","June",158,2018,"18C","CC",135,151,183,7,3,5,3,0.6,3,1,"Fledge","Certain",36,0,0,0,0,1008,"early","18C Noisy",194.3,64,"ROSO",9,2,181,2442.875,-2.01265718739071,40.7145833333333,181,27.2
"4","158.2018",121,"121.SGBY","2018-06-07_18C_r5_Tonto_A","2018-06-07_18C_r5_Tonto_A.SGBY","2018-06-07_18C_r5_Tonto.A","female","PNB 18CB","Tonto18_brd1","June",158,2018,"18C","CC",135,151,183,7,3,5,3,0.6,3,1,"Fledge","Certain",36,0,0,0,0,1008,"early","18C Noisy",194.3,64,"SGBY",18,5,181,1652.04,-2.01265718739071,27.534,181,27.2
"5","164.2018",106,"106.SBGO","2018-06-13_18C4_A","2018-06-13_18C4_A.SBGO","2018-06-13_18C4.A","male","NB 18C4","NB18C4_18_brd1","June",164,2018,"18C","Savanna",135,151,181,13,2,5,3,0.6,2,0.6666666667,"Fledge","Uncertain",28,1,0.3333333333,0,0,1045,"early","N18 18C 3",83.1,64,"SBGO",11,1,123,0,-1.58103094386768,0,123,30
"6","164.2018",106,"106.SBGO_mate_18","2018-06-13_18C4_A","2018-06-13_18C4_A.SBGO_mate_18","2018-06-13_18C4.A","female","NB 18C4","NB18C4_18_brd1","June",164,2018,"18C","Savanna",135,151,181,13,2,5,3,0.6,2,0.6666666667,"Fledge","Uncertain",28,1,0.3333333333,0,0,1045,"early","N18 18C 3",83.1,64,"SBGO_mate_18",0,0,123,0,-1.58103094386768,0,123,30
"7","166.2018",125,"125.ROSO","2018-06-15_18CTonto_A","2018-06-15_18CTonto_A.ROSO","2018-06-15_18CTonto.A","male","PNB 18CB","Tonto18_brd1","June",166,2018,"18C","CC",135,151,183,15,3,5,3,0.6,3,1,"Fledge","Certain",36,0,0,0,1,800,"early","18C Noisy",194.3,59,"ROSO",24,6,147,0,-1.43715552936001,0,141,28.3
"8","166.2018",125,"125.SGBY","2018-06-15_18CTonto_A","2018-06-15_18CTonto_A.SGBY","2018-06-15_18CTonto.A","female","PNB 18CB","Tonto18_brd1","June",166,2018,"18C","CC",135,151,183,15,3,5,3,0.6,3,1,"Fledge","Certain",36,0,0,0,1,800,"early","18C Noisy",194.3,59,"SGBY",0,0,147,0,-1.43715552936001,0,141,28.3
"9","169.2018",126,"126.OSOP","2018-06-18_5ACross_B","2018-06-18_5ACross_B.OSOP","2018-06-18_5ACross.B","female","5A Cross","Cross","June",169,2018,"05A","Savanna",151,165,196,4,3,4,3,0.75,2,0.6666666667,"Fledge","Uncertain",32,1,0.3333333333,0,0,1104,"late","5A Match",228.3,64,"OSOP",10,0,188,1020.677,-1.22134240759849,17.0112833333333,188,33.9
"10","169.2018",126,"126.WOWS","2018-06-18_5ACross_B","2018-06-18_5ACross_B.WOWS","2018-06-18_5ACross.B","male","5A Cross","Cross","June",169,2018,"05A","Savanna",151,165,196,4,3,4,3,0.75,2,0.6666666667,"Fledge","Uncertain",32,1,0.3333333333,0,0,1104,"late","5A Match",228.3,64,"WOWS",15,0,188,373.833,-1.22134240759849,6.23055,188,33.9
"11","170.2018",110,"110.ROSO","2018-06-19_Tonto_C","2018-06-19_Tonto_C.ROSO","2018-06-19_Tonto.C","male","PNB 18CB","Tonto18_brd1","June",170,2018,"18C","CC",135,151,183,19,3,5,3,0.6,3,1,"Fledge","Certain",36,0,0,0,1,938,"early","18C Noisy",194.3,64,"ROSO",49,10,243,0,-1.14940470034466,0,243,34.4
"12","170.2018",110,"110.SGBY","2018-06-19_Tonto_A","2018-06-19_Tonto_A.SGBY","2018-06-19_Tonto.A","female","PNB 18CB","Tonto18_brd1","June",170,2018,"18C","CC",135,151,183,19,3,5,3,0.6,3,1,"Fledge","Certain",36,0,0,0,1,730,"early","18C Noisy",194.3,64,"SGBY",50,0,243,0,-1.14940470034466,0,243,34.4
"13","171.2018",127,"127.POPS","2018-06-20_18CTimber_D","2018-06-20_18CTimber_D.POPS","2018-06-20_18CTimber.D","male","18C Timber","Timber_brd1","June",171,2018,"18C","CC",NA,156,185,15,2,6,2,0.3333333333,2,1,"Fledge","Uncertain",27,0,0,0,0,1032,"early","PNB 18CB",291.4,40,"POPS",15,6,232,0,-1.07746699309082,0,232,31.1
"14","171.2018",127,"127.WSPR","2018-06-20_18CTimber_C","2018-06-20_18CTimber_C.WSPR","2018-06-20_18CTimber.C","female","18C Timber","Timber_brd1","June",171,2018,"18C","CC",NA,156,185,15,2,6,2,0.3333333333,2,1,"Fledge","Uncertain",27,0,0,0,0,928,"early","PNB 18CB",291.4,64,"WSPR",41,0,232,0,-1.07746699309082,0,232,31.1
"15","172.2018",111,"111.SBGO","2018-06-21_18C4_A","2018-06-21_18C4_A.SBGO","2018-06-21_18C4.A","male","NB 18C4","NB18C4_18_brd1","June",172,2018,"18C","Savanna",135,151,181,21,2,5,3,0.6,2,0.6666666667,"Fledge","Uncertain",28,1,0.3333333333,0,0,930,"early","N18 18C 3",83.1,63,"SBGO",31,1,208,0,-1.00552928583698,0,208,30
"16","172.2018",111,"111.SBGO_mate_18","2018-06-21_18C4_A","2018-06-21_18C4_A.SBGO_mate_18","2018-06-21_18C4.A","female","NB 18C4","NB18C4_18_brd1","June",172,2018,"18C","Savanna",135,151,181,21,2,5,3,0.6,2,0.6666666667,"Fledge","Uncertain",28,1,0.3333333333,0,0,930,"early","N18 18C 3",83.1,63,"SBGO_mate_18",0,0,208,0,-1.00552928583698,0,208,30
"17","177.2017",64,"64.RYSG","2017-06-26_REC_r5_PN17REC1_C","2017-06-26_REC_r5_PN17REC1_C.RYSG","2017-06-26_REC_r5_PN17REC1.C","male","PN17 REC1","REC1_brd1","June",177,2017,"REC","CC",157,170,195,7,3,NA,3,NA,0,0,"Failed","Certain",18,3,1,0,0,1317,"late","N17 REC3",67.4,64,"RYSG",30,11,200,638.402,-0.64584074956779,10.6400333333333,200,28.3
"18","177.2017",64,"64.SUOB","2017-06-26_REC_r5_PN17REC1_C","2017-06-26_REC_r5_PN17REC1_C.SUOB","2017-06-26_REC_r5_PN17REC1.C","female","PN17 REC1","REC1_brd1","June",177,2017,"REC","CC",157,170,195,7,3,NA,3,NA,0,0,"Failed","Certain",18,3,1,0,0,1317,"late","N17 REC3",67.4,64,"SUOB",37,0,200,0,-0.64584074956779,0,200,28.3
"19","178.2017",65,"65.GRGS","2017-06-27_5A_r5_NB5A4_B","2017-06-27_5A_r5_NB5A4_B.GRGS","2017-06-27_5A_r5_NB5A4.B","male","NB 5A4","NB5A4_brd1","June",178,2017,"05A","Savanna",140,153,178,25,1,NA,NA,NA,1,NA,"Fledge","Uncertain",25,NA,NA,1,0,935,"early","PNB 5B3",65.1,63,"GRGS",5,0,128,0,-0.573903042313952,0,128,28.3
"20","178.2017",65,"65.SURO","2017-06-27_5A_r5_NB5A4_B","2017-06-27_5A_r5_NB5A4_B.SURO","2017-06-27_5A_r5_NB5A4.B","female","NB 5A4","NB5A4_brd1","June",178,2017,"05A","Savanna",140,153,178,25,1,NA,NA,NA,1,NA,"Fledge","Uncertain",25,NA,NA,1,0,935,"early","PNB 5B3",65.1,63,"SURO",8,0,128,0,-0.573903042313952,0,128,28.3
"21","178.2017",67,"67.OSGR","2017-06-27_5B_r5_NB5B5_B","2017-06-27_5B_r5_NB5B5_B.OSGR","2017-06-27_5B_r5_NB5B5.B","male","NB 5B5","NB5B5_brd1","June",178,2017,"05B","Savanna",145,158,183,20,3,NA,NA,NA,3,NA,"Fledge","Uncertain",NA,0,NA,1,0,1026,"early","NB 5A",50.2,64,"OSGR",44,8,144,0,-0.573903042313952,0,144,28.3
"22","178.2017",67,"67.OSGR_mate","2017-06-27_5B_r5_NB5B5_A","2017-06-27_5B_r5_NB5B5_A.OSGR_mate","2017-06-27_5B_r5_NB5B5.A","female","NB 5B5","NB5B5_brd1","June",178,2017,"05B","Savanna",145,158,183,20,3,NA,NA,NA,3,NA,"Fledge","Uncertain",NA,0,NA,1,0,942,"early","NB 5A",50.2,44,"OSGR_mate",19,0,144,0,-0.573903042313952,0,144,28.3
"23","179.2017",68,"68.OSGR","2017-06-28_5B_r5_NB5B5_A","2017-06-28_5B_r5_NB5B5_A.OSGR","2017-06-28_5B_r5_NB5B5.A","male","NB 5B5","NB5B5_brd1","June",179,2017,"05B","Savanna",145,158,183,21,3,NA,NA,NA,3,NA,"Fledge","Uncertain",NA,0,NA,1,0,749,"early","NB 5A",50.2,64,"OSGR",23,5,319,0,-0.501965335060114,0,128,27.2
"24","179.2017",68,"68.OSGR_mate","2017-06-28_5B_r5_NB5B5_B","2017-06-28_5B_r5_NB5B5_B.OSGR_mate","2017-06-28_5B_r5_NB5B5.B","female","NB 5B5","NB5B5_brd1","June",179,2017,"05B","Savanna",145,158,183,21,3,NA,NA,NA,3,NA,"Fledge","Uncertain",NA,0,NA,1,0,853,"early","NB 5A",50.2,64,"OSGR_mate",10,0,319,0,-0.501965335060114,0,128,27.2
"25","179.2018",112,"112.BUSY","2018-06-28_18CA2_A","2018-06-28_18CA2_A.BUSY","2018-06-28_18CA2.A","male","N17 18CA2","N1718CA2_18","June",179,2018,"18C","Savanna",NA,164,NA,15,1,5,2,0.4,1,0.5,"Fledge","Uncertain",28,1,0.5,0,0,1145,"late","18C Gum",83.5,64,"BUSY",15,5,210,1397.492,-0.501965335060114,23.2915333333333,170,31.7
"26","179.2018",112,"112.RSUU","2018-06-28_18CA2_D","2018-06-28_18CA2_D.RSUU","2018-06-28_18CA2.D","female","N17 18CA2","N1718CA2_18","June",179,2018,"18C","Savanna",NA,164,NA,15,1,5,2,0.4,1,0.5,"Fledge","Uncertain",28,1,0.5,0,0,1458,"late","18C Gum",83.5,17,"RSUU",21,0,210,0,-0.501965335060114,0,170,31.7
"27","179.2018",113,"113.POPS","2018-06-28_Timber_B","2018-06-28_Timber_B.POPS","2018-06-28_Timber.B","male","18C Timber","Timber_brd1","June",179,2018,"18C","CC",NA,156,185,23,2,6,2,0.3333333333,2,1,"Fledge","Uncertain",27,0,0,1,0,824,"early","PNB 18CB",291.4,64,"POPS",14,0,232,0,-0.501965335060114,0,232,31.7
"28","179.2018",113,"113.WSPR","2018-06-28_Timber_D","2018-06-28_Timber_D.WSPR","2018-06-28_Timber.D","female","18C Timber","Timber_brd1","June",179,2018,"18C","CC",NA,156,185,23,2,6,2,0.3333333333,2,1,"Fledge","Uncertain",27,0,0,1,0,1032,"early","PNB 18CB",291.4,40,"WSPR",29,1,232,0,-0.501965335060114,0,232,31.7
"29","180.2017",70,"70.BUSY","2017-06-29_18C_r5_N1718CA2_E","2017-06-29_18C_r5_N1718CA2_E.BUSY","2017-06-29_18C_r5_N1718CA2.E","male","N17 18CA2","N1718CA2_brd1","June",180,2017,"18C","Savanna",143,156,181,24,1,NA,NA,NA,2,NA,"Fledge","Uncertain",25,0,NA,1,0,1100,"late","NB 18C S",117,64,"BUSY",30,6,433,0,-0.430027627806276,0,228,31.7
"30","180.2017",70,"70.SRUB","2017-06-29_18C_r5_N1718CA2_F","2017-06-29_18C_r5_N1718CA2_F.SRUB","2017-06-29_18C_r5_N1718CA2.F","female","N17 18CA2","N1718CA2_brd1","June",180,2017,"18C","Savanna",143,156,181,24,1,NA,NA,NA,2,NA,"Fledge","Uncertain",25,0,NA,1,0,1204,"late","NB 18C S",117,64,"SRUB",9,0,433,0,-0.430027627806276,0,228,31.7
"31","180.2017",72,"72.ROSO","2017-06-29_18C_r5_PNB18CB_D","2017-06-29_18C_r5_PNB18CB_D.ROSO","2017-06-29_18C_r5_PNB18CB.D","male","PNB 18CB","Tonto_brd1","June",180,2017,"18C","CC",144,157,182,23,2,NA,NA,NA,2,NA,"Fledge","Uncertain",NA,NA,NA,1,0,1442,"late","18C Catfish",87.1,3,"ROSO",27,6,195,0,-0.430027627806276,0,195,31.7
"32","180.2017",72,"72.SGBY","2017-06-29_18C_r5_PNB18CB_B","2017-06-29_18C_r5_PNB18CB_B.SGBY","2017-06-29_18C_r5_PNB18CB.B","female","PNB 18CB","Tonto_brd1","June",180,2017,"18C","CC",144,157,182,23,2,NA,NA,NA,2,NA,"Fledge","Uncertain",NA,NA,NA,1,0,1234,"late","18C Catfish",87.1,64,"SGBY",39,0,195,0,-0.430027627806276,0,195,31.7
"33","180.2017",73,"73.BUSY","2017-06-30_18C_r5_N1718CA2_A","2017-06-30_18C_r5_N1718CA2_A.BUSY","2017-06-30_18C_r5_N1718CA2.A","male","N17 18CA2","N1718CA2_brd1","June",180,2017,"18C","Savanna",143,156,181,25,1,NA,NA,NA,2,NA,"Fledge","Uncertain",25,0,NA,1,0,735,"early","NB 18C S",117,57,"BUSY",18,0,226,0,-0.430027627806276,0,218,31.7
"34","180.2017",73,"73.SRUB","2017-06-30_18C_r5_N1718CA2_A","2017-06-30_18C_r5_N1718CA2_A.SRUB","2017-06-30_18C_r5_N1718CA2.A","female","N17 18CA2","N1718CA2_brd1","June",180,2017,"18C","Savanna",143,156,181,25,1,NA,NA,NA,2,NA,"Fledge","Uncertain",25,0,NA,1,0,735,"early","NB 18C S",117,57,"SRUB",3,0,226,0,-0.430027627806276,0,218,31.7
"35","180.2018",130,"130.OSOP","2018-06-29_5ACross_A","2018-06-29_5ACross_A.OSOP","2018-06-29_5ACross.A","female","5A Cross","Cross","June",180,2018,"05A","Savanna",151,165,196,15,2,4,3,0.75,2,NA,"Fledge","Uncertain",32,1,0.3333333333,0,0,815,"early","5A Match",228.3,64,"OSOP",0,0,200,0,-0.430027627806276,0,128,31.7
"36","180.2018",130,"130.WOWS","2018-06-29_5ACross_A","2018-06-29_5ACross_A.WOWS","2018-06-29_5ACross.A","male","5A Cross","Cross","June",180,2018,"05A","Savanna",151,165,196,15,2,4,3,0.75,2,NA,"Fledge","Uncertain",32,1,0.3333333333,0,0,815,"early","5A Match",228.3,64,"WOWS",0,0,200,0,-0.430027627806276,0,128,31.7
"37","181.2017",74,"74.ROSO","2017-06-30_18C_r5_PNB18CB_A","2017-06-30_18C_r5_PNB18CB_A.ROSO","2017-06-30_18C_r5_PNB18CB.A","male","PNB 18CB","Tonto_brd1","June",181,2017,"18C","CC",144,157,182,24,2,NA,NA,NA,2,NA,"Fledge","Uncertain",NA,NA,NA,1,0,635,"early","18C Catfish",87.1,64,"ROSO",21,0,205,0,-0.358089920552438,0,205,32.8
"38","181.2017",74,"74.SGBY","2017-06-30_18C_r5_PNB18CB_D","2017-06-30_18C_r5_PNB18CB_D.SGBY","2017-06-30_18C_r5_PNB18CB.D","female","PNB 18CB","Tonto_brd1","June",181,2017,"18C","CC",144,157,182,24,2,NA,NA,NA,2,NA,"Fledge","Uncertain",NA,NA,NA,1,0,947,"early","18C Catfish",87.1,13,"SGBY",22,0,205,0,-0.358089920552438,0,205,32.8
"39","181.2017",75,"75.GOSY","2017-06-30_REC_r5_N17REC2_B","2017-06-30_REC_r5_N17REC2_B.GOSY","2017-06-30_REC_r5_N17REC2.B","female","N17 REC2","N17REC2_brd1","June",181,2017,"REC","Savanna",162,175,200,6,3,NA,3,NA,2,0.6666666667,"Fledge","Uncertain",25,1,0.3333333333,0,1,1258,"late","N17 REC3",46.2,64,"GOSY",22,4,147,0,-0.358089920552438,0,147,32.8
"40","181.2017",75,"75.YSOG","2017-06-30_REC_r5_N17REC2_B","2017-06-30_REC_r5_N17REC2_B.YSOG","2017-06-30_REC_r5_N17REC2.B","male","N17 REC2","N17REC2_brd1","June",181,2017,"REC","Savanna",162,175,200,6,3,NA,3,NA,2,0.6666666667,"Fledge","Uncertain",25,1,0.3333333333,0,1,1258,"late","N17 REC3",46.2,64,"YSOG",15,2,147,740.079,-0.358089920552438,12.33465,147,32.8
"41","184.2018",137,"137.WOWS","2018-07-03_5ACross_A_905","2018-07-03_5ACross_A_905.WOWS","2018-07-03_5ACross.A_905","male","5A Cross","Cross","July",184,2018,"05A","Savanna",151,165,196,19,2,4,3,0.75,2,0.6666666667,"Fledge","Uncertain",32,1,0.3333333333,0,0,905,"early","5A Match",228.3,64,"WOWS",21,9,208,376.976,-0.142276798790925,6.28293333333333,192,34.4
"42","184.2018",137,"137.OSOP","2018-07-03_5ACross_A_905","2018-07-03_5ACross_A_905.OSOP","2018-07-03_5ACross.A_905","female","5A Cross","Cross","July",184,2018,"05A","Savanna",151,165,196,19,2,4,3,0.75,2,0.6666666667,"Fledge","Uncertain",32,1,0.3333333333,0,0,905,"early","5A Match",228.3,64,"OSOP",12,0,208,0,-0.142276798790925,0,192,34.4
"43","187.2017",81,"81.GOSY","2017-07-06_REC_r5_N17REC2_A","2017-07-06_REC_r5_N17REC2_A.GOSY","2017-07-06_REC_r5_N17REC2.A","female","N17 REC2","N17REC2_brd1","July",187,2017,"REC","Savanna",162,175,200,12,3,NA,3,NA,2,0.6666666667,"Fledge","Uncertain",25,1,0.3333333333,0,0,916,"early","N17 REC3",46.2,64,"GOSY",14,0,178,72.346,0.0735363229705891,1.20576666666667,111,28.9
"44","187.2017",81,"81.YSOG","2017-07-06_REC_r5_N17REC2_B","2017-07-06_REC_r5_N17REC2_B.YSOG","2017-07-06_REC_r5_N17REC2.B","male","N17 REC2","N17REC2_brd1","July",187,2017,"REC","Savanna",162,175,200,12,3,NA,3,NA,2,0.6666666667,"Fledge","Uncertain",25,1,0.3333333333,0,0,1020,"early","N17 REC3",46.2,47,"YSOG",10,5,178,85.845,0.0735363229705891,1.43075,111,28.9
"45","187.2017",82,"82.RYSG","2017-07-06_REC_r5_PN17REC1_A","2017-07-06_REC_r5_PN17REC1_A.RYSG","2017-07-06_REC_r5_PN17REC1.A","male","PN17 REC1","REC1_brd1","July",187,2017,"REC","CC",157,170,195,17,1,NA,3,NA,0,0,"Failed","Certain",18,3,1,0,0,906,"early","N17 REC3",67.4,64,"RYSG",11,12,185,1118.165,0.0735363229705891,18.6360833333333,185,28.9
"46","187.2017",82,"82.SUOB","2017-07-06_REC_r5_PN17REC1_A","2017-07-06_REC_r5_PN17REC1_A.SUOB","2017-07-06_REC_r5_PN17REC1.A","female","PN17 REC1","REC1_brd1","July",187,2017,"REC","CC",157,170,195,17,1,NA,3,NA,0,0,"Failed","Certain",18,3,1,0,0,906,"early","N17 REC3",67.4,64,"SUOB",9,0,185,0,0.0735363229705891,0,185,28.9
"47","187.2018",138,"138.SUBU","2018-07-06_18CGum_A_1300","2018-07-06_18CGum_A_1300.SUBU","2018-07-06_18CGum.A_1300","male","18C Gum","Gum","July",187,2018,"18C","Savanna",NA,187,208,0,2,3,2,0.6666666667,0,0,"Failed","Certain",19,2,1,0,0,1300,"late","N17 18CA2",83.5,50,"SUBU",1,0,50,0,0.0735363229705891,0,50,30.6
"48","187.2018",138,"138.SYRP","2018-07-06_18CGum_A_1300","2018-07-06_18CGum_A_1300.SYRP","2018-07-06_18CGum.A_1300","female","18C Gum","Gum","July",187,2018,"18C","Savanna",NA,187,208,0,2,3,2,0.6666666667,0,0,"Failed","Certain",19,2,1,0,0,1300,"late","N17 18CA2",83.5,50,"SYRP",2,0,50,2310.24,0.0735363229705891,38.504,50,30.6
"49","187.2018",139,"139.SUBU","2018-07-06_18CGum_A_2c_1210","2018-07-06_18CGum_A_2c_1210.SUBU","2018-07-06_18CGum.A_2c_1210","male","18C Gum","Gum","July",187,2018,"18C","Savanna",NA,187,208,0,2,3,2,0.6666666667,0,0,"Failed","Certain",19,2,1,0,0,1210,"late","N17 18CA2",83.5,41,"SUBU",1,0,51,1259.77,0.0735363229705891,20.9961666666667,41,30.6
"50","187.2018",139,"139.SYRP","2018-07-06_18CGum_A_2c_1210","2018-07-06_18CGum_A_2c_1210.SYRP","2018-07-06_18CGum.A_2c_1210","female","18C Gum","Gum","July",187,2018,"18C","Savanna",NA,187,208,0,2,3,2,0.6666666667,0,0,"Failed","Certain",19,2,1,0,0,1210,"late","N17 18CA2",83.5,41,"SYRP",1,0,51,726.18,0.0735363229705891,12.103,41,30.6
"51","191.2018",115,"115.SUBU","2018-07-10_18CGum_C","2018-07-10_18CGum_C.SUBU","2018-07-10_18CGum.C","male","18C Gum","Gum","July",191,2018,"18C","Savanna",NA,187,208,4,2,3,2,0.6666666667,0,0,"Failed","Certain",19,2,1,0,0,958,"early","N17 18CA2",83.5,64,"SUBU",13,4,223,1253.473,0.361287151985941,20.8912166666667,223,32.8
"52","191.2018",115,"115.SYRP","2018-07-10_18CGum_A","2018-07-10_18CGum_A.SYRP","2018-07-10_18CGum.A","female","18C Gum","Gum","July",191,2018,"18C","Savanna",NA,187,208,4,2,3,2,0.6666666667,0,0,"Failed","Certain",19,2,1,0,0,750,"early","N17 18CA2",83.5,64,"SYRP",16,1,223,3840.633,0.361287151985941,64.01055,223,32.8
"53","192.2017",85,"85.GOSY","2017-07-11_REC_r5_N17REC3_B","2017-07-11_REC_r5_N17REC3_B.GOSY","2017-07-11_REC_r5_N17REC3.B","female","N17 REC2","N17REC2_brd1","July",192,2017,"REC","Savanna",162,175,200,17,3,NA,3,NA,2,0.6666666667,"Fledge","Uncertain",25,1,0.3333333333,0,1,1111,"late","N17 REC3",46.2,64,"GOSY",35,0,178,0,0.433224859239779,0,178,32.8
"54","192.2017",85,"85.YSOG","2017-07-11_REC_r5_N17REC3_A","2017-07-11_REC_r5_N17REC3_A.YSOG","2017-07-11_REC_r5_N17REC3.A","male","N17 REC2","N17REC2_brd1","July",192,2017,"REC","Savanna",162,175,200,17,3,NA,3,NA,2,0.6666666667,"Fledge","Uncertain",25,1,0.3333333333,0,1,1007,"early","N17 REC3",46.2,64,"YSOG",11,6,178,197.796,0.433224859239779,3.2966,178,32.8
"55","192.2017",86,"86.SRGG","2017-07-11_REC_r5_N17REC2_A","2017-07-11_REC_r5_N17REC2_A.SRGG","2017-07-11_REC_r5_N17REC2.A","female","N17 REC3","N17REC3_brd2","July",192,2017,"REC","Savanna",178,191,216,1,2,4,2,0.5,NA,NA,NA,NA,NA,NA,NA,0,1,1003,"early","N17 REC2",46.2,64,"SRGG",5,0,182,4133.158,0.433224859239779,68.8859666666667,182,32.8
"56","192.2017",86,"86.SRGG_mate","2017-07-11_REC_r5_N17REC2_B","2017-07-11_REC_r5_N17REC2_B.SRGG_mate","2017-07-11_REC_r5_N17REC2.B","male","N17 REC3","N17REC3_brd2","July",192,2017,"REC","Savanna",178,191,216,1,2,4,2,0.5,NA,NA,NA,NA,NA,NA,NA,0,1,1107,"late","N17 REC2",46.2,64,"SRGG_mate",4,0,182,2541.853,0.433224859239779,42.3642166666667,182,32.8
"57","192.2018",116,"116.OSOP","2018-07-11_5ACross_B","2018-07-11_5ACross_B.OSOP","2018-07-11_5ACross.B","female","5A Cross","Cross","July",192,2018,"05A","Savanna",151,165,196,27,2,4,3,0.75,2,0.6666666667,"Fledge","Uncertain",32,1,0.3333333333,1,99,959,"early","5A Match",228.3,64,"OSOP",12,0,232,0,0.433224859239779,0,232,31.7
"58","192.2018",116,"116.WOWS","2018-07-11_5ACross_B","2018-07-11_5ACross_B.WOWS","2018-07-11_5ACross.B","male","5A Cross","Cross","July",192,2018,"05A","Savanna",151,165,196,27,2,4,3,0.75,2,0.6666666667,"Fledge","Uncertain",32,1,0.3333333333,1,99,959,"early","5A Match",228.3,64,"WOWS",29,14,232,0,0.433224859239779,0,232,31.7
"59","193.2017",88,"88.OYSR","2017-07-12_5B_r5_A3_A","2017-07-12_5B_r5_A3_A.OYSR","2017-07-12_5B_r5.A3.A","male","A3","A3_brd2","July",193,2017,"05B","Savanna",NA,177,NA,16,2,NA,3,NA,NA,NA,NA,NA,NA,NA,NA,1,99,NA,NA,"NB 5A4",136,64,"OYSR",5,2,215,0,0.505162566493616,0,203,35
"60","193.2017",88,"88.SGRO","2017-07-12_5B_r5_A3_A","2017-07-12_5B_r5_A3_A.SGRO","2017-07-12_5B_r5.A3.A","female","A3","A3_brd2","July",193,2017,"05B","Savanna",NA,177,NA,16,2,NA,3,NA,NA,NA,NA,NA,NA,NA,NA,1,99,NA,NA,"NB 5A4",136,64,"SGRO",38,5,215,0,0.505162566493616,0,203,35
"61","193.2017",89,"89.SRGG","2017-07-12_REC_r5_N17REC3","2017-07-12_REC_r5_N17REC3.SRGG","2017-07-12_REC_r5_N17REC3","female","N17 REC3","N17REC3_brd2","July",193,2017,"REC","Savanna",178,191,216,2,2,4,2,0.5,NA,NA,NA,NA,NA,NA,NA,0,1,1212,"late","N17 REC2",46.2,55,"SRGG",3,0,55,684.85,0.505162566493616,11.4141666666667,55,35
"62","193.2017",89,"89.SRGG_mate","2017-07-12_REC_r5_N17REC3","2017-07-12_REC_r5_N17REC3.SRGG_mate","2017-07-12_REC_r5_N17REC3","male","N17 REC3","N17REC3_brd2","July",193,2017,"REC","Savanna",178,191,216,2,2,4,2,0.5,NA,NA,NA,NA,NA,NA,NA,0,1,1212,"late","N17 REC2",46.2,55,"SRGG_mate",1,0,55,0,0.505162566493616,0,55,35
"63","193.2018",117,"117.PYGS","2018-07-12_18CNoisy_B","2018-07-12_18CNoisy_B.PYGS","2018-07-12_18CNoisy.B","male","18C Noisy","Noisy","July",193,2018,"18C","CC",NA,187,NA,6,3,5,5,1,NA,NA,NA,NA,NA,3,0.6,0,1,904,"early","PNB 18CB",194.3,64,"PYGS",21,10,233,0,0.505162566493616,0,169,30.6
"64","193.2018",117,"117.SUOR","2018-07-12_18CNoisy_B","2018-07-12_18CNoisy_B.SUOR","2018-07-12_18CNoisy.B","female","18C Noisy","Noisy","July",193,2018,"18C","CC",NA,187,NA,6,3,5,5,1,NA,NA,NA,NA,NA,3,0.6,0,1,904,"early","PNB 18CB",194.3,64,"SUOR",0,0,233,0,0.505162566493616,0,169,30.6
"65","194.2017",90,"90.SORO","2017-07-13_5B_r5_RB23_A","2017-07-13_5B_r5_RB23_A.SORO","2017-07-13_5B_r5_RB23.A","female","RB23","RB23_brd2","July",194,2017,"05B","Savanna",180,193,218,1,1,3,2,0.6666666667,NA,NA,NA,NA,NA,NA,NA,0,0,1005,"early","RB36 Alt",107.9,64,"SORO",0,0,128,2589.659,0.577100273747454,43.1609833333333,128,35.6
"66","194.2017",90,"90.SUGR","2017-07-13_5B_r5_RB23_B","2017-07-13_5B_r5_RB23_B.SUGR","2017-07-13_5B_r5_RB23.B","male","RB23","RB23_brd2","July",194,2017,"05B","Savanna",180,193,218,1,1,3,2,0.6666666667,NA,NA,NA,NA,NA,NA,NA,0,0,1109,"late","RB36 Alt",107.9,64,"SUGR",0,0,128,67.572,0.577100273747454,1.1262,128,35.6
"67","194.2018",118,"118.WYRS","2018-07-13_5ACut_A","2018-07-13_5ACut_A.WYRS","2018-07-13_5ACut.A","female","5A Cut","5A Cut_brd2","July",194,2018,"18C","Savanna",NA,179,NA,15,2,5,3,0.6,2,0.6666666667,"Fledge","Uncertain",28,1,0.3333333333,0,1,800,"early","5A Match",363.1,64,"WYRS",10,0,203,0,0.577100273747454,0,203,29.4
"68","194.2018",118,"118.WYRS_mate","2018-07-13_5ACut_A","2018-07-13_5ACut_A.WYRS_mate","2018-07-13_5ACut.A","male","5A Cut","5A Cut_brd2","July",194,2018,"18C","Savanna",NA,179,NA,15,2,5,3,0.6,2,0.6666666667,"Fledge","Uncertain",28,1,0.3333333333,0,1,800,"early","5A Match",363.1,64,"WYRS_mate",17,6,203,499.4,0.577100273747454,8.32333333333333,203,29.4
"69","198.2018",141,"141.PYGS","2018-07-17_18CNoisy_A_1bpk_715","2018-07-17_18CNoisy_A_1bpk_715.PYGS","2018-07-17_18CNoisy.A_1bpk_715","male","18C Noisy","Noisy","July",198,2018,"18C","CC",NA,187,NA,11,3,5,5,1,NA,NA,NA,NA,NA,3,0.6,0,1,715,"early","PNB 18CB",194.3,64,"PYGS",44,10,240,0,0.864851102762806,0,240,33.9
"70","198.2018",141,"141.SUOR","2018-07-17_18CNoisy_A_1bpk_715","2018-07-17_18CNoisy_A_1bpk_715.SUOR","2018-07-17_18CNoisy.A_1bpk_715","female","18C Noisy","Noisy","July",198,2018,"18C","CC",NA,187,NA,11,3,5,5,1,NA,NA,NA,NA,NA,3,0.6,0,1,715,"early","PNB 18CB",194.3,64,"SUOR",25,0,240,0,0.864851102762806,0,240,33.9
"71","199.2017",93,"93.GOSY","2017-07-18_REC_r5_N17REC2_A","2017-07-18_REC_r5_N17REC2_A.GOSY","2017-07-18_REC_r5_N17REC2.A","female","N17 REC2","N17REC2_brd1","July",199,2017,"REC","Savanna",162,175,200,24,2,NA,3,NA,2,0.6666666667,"Fledge","Uncertain",25,1,0.3333333333,1,1,820,"early","N17 REC3",46.2,64,"GOSY",2,0,238,0,0.936788810016644,0,128,32.8
"72","199.2017",93,"93.YSOG","2017-07-18_REC_r5_N17REC2_B","2017-07-18_REC_r5_N17REC2_B.YSOG","2017-07-18_REC_r5_N17REC2.B","male","N17 REC2","N17REC2_brd1","July",199,2017,"REC","Savanna",162,175,200,24,2,NA,3,NA,2,0.6666666667,"Fledge","Uncertain",25,1,0.3333333333,1,1,924,"early","N17 REC3",46.2,64,"YSOG",10,0,238,0,0.936788810016644,0,128,32.8
"73","199.2017",94,"94.OYSR","2017-07-18_5B_r5_A3_C","2017-07-18_5B_r5_A3_C.OYSR","2017-07-18_5B_r5.A3.C","male","A3","A3_brd2","July",199,2017,"05B","Savanna",NA,177,NA,22,2,NA,3,NA,NA,NA,NA,NA,NA,NA,NA,0,0,1333,"late","NB 5A4",136,64,"OYSR",7,1,211,0,0.936788810016644,0,192,32.8
"74","199.2017",94,"94.SGRO","2017-07-18_5B_r5_A3_C","2017-07-18_5B_r5_A3_C.SGRO","2017-07-18_5B_r5.A3.C","female","A3","A3_brd2","July",199,2017,"05B","Savanna",NA,177,NA,22,2,NA,3,NA,NA,NA,NA,NA,NA,NA,NA,0,0,1333,"late","NB 5A4",136,64,"SGRO",9,5,211,0,0.936788810016644,0,192,32.8
"75","199.2018",132,"132.PYGS","2018-07-18_18CNoisy_A_845","2018-07-18_18CNoisy_A_845.PYGS","2018-07-18_18CNoisy.A_845","male","18C Noisy","Noisy","July",199,2018,"18C","CC",NA,187,NA,12,3,5,5,1,NA,NA,NA,NA,NA,3,0.6,0,1,845,"early","PNB 18CB",194.3,64,"PYGS",41,20,198,0,0.936788810016644,0,198,29.4
"76","199.2018",132,"132.SUOR","2018-07-18_18CNoisy_A_845","2018-07-18_18CNoisy_A_845.SUOR","2018-07-18_18CNoisy.A_845","female","18C Noisy","Noisy","July",199,2018,"18C","CC",NA,187,NA,12,3,5,5,1,NA,NA,NA,NA,NA,3,0.6,0,1,845,"early","PNB 18CB",194.3,64,"SUOR",13,0,198,0,0.936788810016644,0,198,29.4
"77","200.2017",99,"99.OOSG","2017-07-19_18C_r5_Catfish_A","2017-07-19_18C_r5_Catfish_A.OOSG","2017-07-19_18C_r5.Catfish.A","male","18C Catfish","18C_Catfish_brd1","July",200,2017,"18C","CC",187,199,224,1,3,4,3,0.75,NA,NA,NA,NA,NA,NA,NA,0,1,1315,"late","PNB 18CB",87.1,64,"OOSG",6,1,94,299.337,1.00872651727048,4.98895,94,34.4
"78","200.2017",99,"99.SUOR","2017-07-19_18C_r5_Catfish_A","2017-07-19_18C_r5_Catfish_A.SUOR","2017-07-19_18C_r5.Catfish.A","female","18C Catfish","18C_Catfish_brd1","July",200,2017,"18C","CC",187,199,224,1,3,4,3,0.75,NA,NA,NA,NA,NA,NA,NA,0,1,1315,"late","PNB 18CB",87.1,64,"SUOR",4,2,94,638.049,1.00872651727048,10.63415,94,34.4
"79","200.2018",144,"144.SORO","2018-07-19_RB36alt_A_1c_1031","2018-07-19_RB36alt_A_1c_1031.SORO","2018-07-19_RB36alt.A_1c_1031","female","RB36 Alt","RB36alt_brd2_18","July",200,2018,"05B","Savanna",NA,183,NA,17,1,3,1,0.3333333333,NA,NA,NA,NA,NA,NA,NA,0,0,1031,"early","A1",102.2,64,"SORO",3,0,234,0,1.00872651727048,0,234,30.6
"80","200.2018",144,"144.SORO_mate_18","2018-07-19_RB36alt_A_1c_1031","2018-07-19_RB36alt_A_1c_1031.SORO_mate_18","2018-07-19_RB36alt.A_1c_1031","male","RB36 Alt","RB36alt_brd2_18","July",200,2018,"05B","Savanna",NA,183,NA,17,1,3,1,0.3333333333,NA,NA,NA,NA,NA,NA,NA,0,0,1031,"early","A1",102.2,64,"SORO_mate_18",9,4,234,324.861,1.00872651727048,5.41435,234,30.6
"81","201.2017",100,"100.SORO","2017-07-20_5B_r5_RB23_D","2017-07-20_5B_r5_RB23_D.SORO","2017-07-20_5B_r5_RB23.D","female","RB23","RB23_brd2","July",201,2017,"05B","Savanna",180,193,218,8,2,3,2,0.6666666667,NA,NA,NA,NA,NA,NA,NA,0,1,1133,"late","RB36 Alt",107.9,37,"SORO",9,1,229,745.245,1.08066422452432,12.42075,229,35.6
"82","201.2017",100,"100.SUGR","2017-07-20_5B_r5_RB23_B","2017-07-20_5B_r5_RB23_B.SUGR","2017-07-20_5B_r5_RB23.B","male","RB23","RB23_brd2","July",201,2017,"05B","Savanna",180,193,218,8,2,3,2,0.6666666667,NA,NA,NA,NA,NA,NA,NA,0,1,925,"early","RB36 Alt",107.9,64,"SUGR",17,4,229,248.436,1.08066422452432,4.1406,229,35.6
"83","209.2018",146,"146.SWOP","2018-07-28_18CHoudini_A_930","2018-07-28_18CHoudini_A_930.SWOP","2018-07-28_18CHoudini.A_930","female","18C Houdini","Houdini","July",209,2018,"18C","Savanna",NA,198,NA,11,1,NA,1,NA,NA,NA,NA,NA,NA,NA,NA,0,0,930,"early","18C Gum",102.7,64,"SWOP",11,0,163,222.621,1.65616588255502,3.71035,163,29.4
"84","209.2018",146,"146.YOUS","2018-07-28_18CHoudini_A_930","2018-07-28_18CHoudini_A_930.YOUS","2018-07-28_18CHoudini.A_930","male","18C Houdini","Houdini","July",209,2018,"18C","Savanna",NA,198,NA,11,1,NA,1,NA,NA,NA,NA,NA,NA,NA,NA,0,0,930,"early","18C Gum",102.7,64,"YOUS",9,3,163,547.717,1.65616588255502,9.12861666666667,163,29.4
"85","220.2018",135,"135.SWOP","2018-08-08_18CHoudini_A_1c_915","2018-08-08_18CHoudini_A_1c_915.SWOP","2018-08-08_18CHoudini.A_1c_915","female","18C Houdini","Houdini","August",220,2018,"18C","Savanna",NA,198,NA,22,1,NA,1,NA,NA,NA,NA,NA,NA,NA,NA,0,0,915,"early","18C Gum",102.7,64,"SWOP",4,0,178,0,2.44748066234724,0,178,33.3
"86","220.2018",135,"135.YOUS","2018-08-08_18CHoudini_A_1c_915","2018-08-08_18CHoudini_A_1c_915.YOUS","2018-08-08_18CHoudini.A_1c_915","male","18C Houdini","Houdini","August",220,2018,"18C","Savanna",NA,198,NA,22,1,NA,1,NA,NA,NA,NA,NA,NA,NA,NA,0,0,915,"early","18C Gum",102.7,64,"YOUS",9,5,178,0,2.44748066234724,0,178,33.3
"87","220.2018",147,"147.WSPR","2018-08-08_18CTimber_A_1c_900","2018-08-08_18CTimber_A_1c_900.WSPR","2018-08-08_18CTimber.A_1c_900","female","18C Timber","Timber_brd2","August",220,2018,"18C","CC",NA,206,NA,14,1,5,2,0.4,NA,NA,NA,NA,NA,NA,NA,0,0,900,"early","PNB 18CB",291.4,64,"WSPR",10,4,201,0,2.44748066234724,0,201,33.3
"88","220.2018",147,"147.POPS","2018-08-08_18CTimber_A_1c_900","2018-08-08_18CTimber_A_1c_900.POPS","2018-08-08_18CTimber.A_1c_900","male","18C Timber","Timber_brd2","August",220,2018,"18C","CC",NA,206,NA,14,1,5,2,0.4,NA,NA,NA,NA,NA,NA,NA,0,0,900,"early","PNB 18CB",291.4,64,"POPS",7,5,201,0,2.44748066234724,0,201,33.3
